trip_id,date_time,city_zone,vehicle_type,trip_distance_km,trip_duration_minutes,average_speed_kmph,weather_condition,traffic_level,helmet_used,accident_reported,safety_risk_level
1,2024-01-01 00:00:00,IT Hub,E-Scooter,5.27,49.3,18.2,Rainy,Medium,Yes,No,Low
2,2024-01-01 01:00:00,University Zone,E-Bike,2.17,25.3,10.4,Clear,Low,Yes,Yes,Low
3,2024-01-01 02:00:00,IT Hub,E-Scooter,4.94,31.5,8.3,Clear,Low,No,No,Medium
4,2024-01-01 03:00:00,Residential,E-Scooter,4.95,47.1,25.5,Rainy,Medium,Yes,No,Medium
5,2024-01-01 04:00:00,Tourist Area,E-Bike,9.09,37.4,20.7,Hot,Medium,Yes,No,Low
6,2024-01-01 05:00:00,IT Hub,E-Scooter,6.92,33.6,15.4,Hot,High,Yes,Yes,Medium
7,2024-01-01 06:00:00,Tourist Area,E-Scooter,6.4,16.8,16.2,Hot,Low,No,No,Low
8,2024-01-01 07:00:00,Residential,E-Bike,6.9,33.0,16.5,Hot,High,No,No,Low
9,2024-01-01 08:00:00,Residential,E-Scooter,6.21,22.8,25.4,Foggy,Low,No,No,High
10,2024-01-01 09:00:00,Commercial,E-Bike,2.55,42.3,23.7,Clear,Medium,Yes,No,Low
11,2024-01-01 10:00:00,Residential,Bicycle,1.61,51.0,21.9,Clear,High,Yes,No,Low
12,2024-01-01 11:00:00,Residential,Bicycle,9.25,7.3,8.7,Foggy,Medium,No,No,Low
13,2024-01-01 12:00:00,Commercial,E-Bike,7.8,36.9,23.0,Foggy,High,Yes,No,Low
14,2024-01-01 13:00:00,Commercial,E-Scooter,2.83,52.8,18.5,Foggy,Low,No,No,Medium
15,2024-01-01 14:00:00,Residential,E-Bike,7.64,23.9,26.9,Hot,High,Yes,No,Low
16,2024-01-01 15:00:00,Tourist Area,Bicycle,2.2,46.7,22.0,Clear,High,Yes,No,Medium
17,2024-01-01 16:00:00,University Zone,E-Bike,7.52,32.2,25.5,Foggy,Low,Yes,No,High
18,2024-01-01 17:00:00,Commercial,E-Bike,4.23,37.3,23.9,Clear,Medium,Yes,No,High
19,2024-01-01 18:00:00,Commercial,Bicycle,0.58,59.9,25.5,Rainy,High,Yes,No,Medium
20,2024-01-01 19:00:00,University Zone,E-Bike,1.17,33.1,19.6,Foggy,High,No,No,Low
21,2024-01-01 20:00:00,Residential,E-Bike,4.99,29.9,17.5,Rainy,Medium,No,No,Low
22,2024-01-01 21:00:00,Tourist Area,E-Bike,0.79,21.0,23.1,Rainy,Medium,No,No,High
23,2024-01-01 22:00:00,IT Hub,E-Bike,4.25,32.0,15.7,Clear,Medium,Yes,No,Low
24,2024-01-01 23:00:00,University Zone,E-Bike,3.43,12.2,17.9,Rainy,High,Yes,Yes,High
25,2024-01-02 00:00:00,IT Hub,Bicycle,1.51,15.2,15.5,Foggy,Medium,Yes,Yes,Low
26,2024-01-02 01:00:00,University Zone,E-Scooter,4.85,46.8,25.6,Clear,Medium,Yes,Yes,Low
27,2024-01-02 02:00:00,Commercial,E-Bike,1.6,17.6,27.8,Foggy,Medium,Yes,No,Medium
28,2024-01-02 03:00:00,Commercial,Bicycle,2.27,21.8,11.5,Foggy,High,No,No,High
29,2024-01-02 04:00:00,Residential,E-Bike,9.3,11.3,12.7,Foggy,Low,Yes,No,Low
30,2024-01-02 05:00:00,Tourist Area,Bicycle,4.7,32.2,9.2,Clear,High,No,No,Low
31,2024-01-02 06:00:00,University Zone,E-Bike,7.01,46.3,21.5,Rainy,Medium,No,No,Medium
32,2024-01-02 07:00:00,University Zone,E-Scooter,9.67,43.9,29.6,Foggy,Medium,No,No,Low
33,2024-01-02 08:00:00,University Zone,E-Bike,1.81,32.1,8.7,Rainy,Low,Yes,No,Low
34,2024-01-02 09:00:00,Residential,E-Scooter,3.96,14.7,15.1,Rainy,Medium,Yes,No,Medium
35,2024-01-02 10:00:00,Tourist Area,E-Bike,8.54,55.3,29.1,Rainy,High,Yes,No,Low
36,2024-01-02 11:00:00,IT Hub,E-Scooter,1.49,50.9,18.1,Clear,High,Yes,No,Low
37,2024-01-02 12:00:00,Residential,Bicycle,6.58,46.9,10.2,Hot,Medium,Yes,No,Low
38,2024-01-02 13:00:00,University Zone,Bicycle,8.41,8.0,20.9,Clear,High,Yes,No,High
39,2024-01-02 14:00:00,Commercial,E-Bike,1.53,29.4,27.8,Foggy,Medium,No,No,Low
40,2024-01-02 15:00:00,Tourist Area,E-Scooter,8.67,40.5,18.1,Foggy,Medium,No,Yes,Low
41,2024-01-02 16:00:00,IT Hub,E-Bike,7.53,24.5,29.0,Rainy,Low,No,No,Low
42,2024-01-02 17:00:00,Commercial,E-Bike,5.33,29.5,22.4,Hot,Low,Yes,No,Low
43,2024-01-02 18:00:00,Tourist Area,E-Bike,9.62,46.1,12.4,Hot,Low,No,No,Low
44,2024-01-02 19:00:00,IT Hub,Bicycle,5.3,20.5,14.5,Clear,High,Yes,No,Low
45,2024-01-02 20:00:00,IT Hub,E-Bike,7.64,49.7,25.2,Foggy,Medium,Yes,No,Low
46,2024-01-02 21:00:00,IT Hub,Bicycle,9.47,52.0,12.1,Clear,Medium,Yes,No,Medium
47,2024-01-02 22:00:00,IT Hub,E-Bike,1.31,12.7,19.8,Hot,Medium,Yes,Yes,Low
48,2024-01-02 23:00:00,University Zone,Bicycle,2.38,56.1,20.8,Clear,High,Yes,No,Medium
49,2024-01-03 00:00:00,Tourist Area,E-Bike,9.2,56.4,17.3,Foggy,Medium,Yes,No,High
50,2024-01-03 01:00:00,Tourist Area,E-Bike,9.42,23.6,21.5,Clear,Medium,Yes,Yes,Medium
51,2024-01-03 02:00:00,University Zone,Bicycle,3.54,32.6,11.9,Foggy,Medium,No,No,Medium
52,2024-01-03 03:00:00,University Zone,Bicycle,9.64,25.5,28.5,Hot,Medium,No,No,Medium
53,2024-01-03 04:00:00,Tourist Area,E-Scooter,4.63,29.8,15.8,Clear,Medium,No,No,Low
54,2024-01-03 05:00:00,IT Hub,E-Bike,1.59,38.7,21.4,Hot,High,No,No,High
55,2024-01-03 06:00:00,Commercial,E-Bike,3.55,27.0,23.4,Hot,Medium,Yes,No,Medium
56,2024-01-03 07:00:00,University Zone,E-Scooter,3.78,27.4,20.5,Hot,Low,No,No,High
57,2024-01-03 08:00:00,Tourist Area,Bicycle,5.22,12.4,12.8,Hot,High,Yes,No,High
58,2024-01-03 09:00:00,Residential,Bicycle,2.54,49.5,20.4,Rainy,High,Yes,No,Low
59,2024-01-03 10:00:00,Tourist Area,E-Scooter,2.0,33.5,13.5,Foggy,High,Yes,No,Low
60,2024-01-03 11:00:00,IT Hub,E-Bike,2.98,20.2,8.2,Clear,High,Yes,No,High
61,2024-01-03 12:00:00,Residential,E-Scooter,8.9,21.7,10.0,Hot,High,Yes,No,Medium
62,2024-01-03 13:00:00,IT Hub,Bicycle,1.13,7.4,13.1,Rainy,Low,Yes,No,Low
63,2024-01-03 14:00:00,University Zone,Bicycle,5.68,24.1,29.3,Rainy,Medium,Yes,No,Low
64,2024-01-03 15:00:00,Commercial,Bicycle,3.88,20.1,24.3,Rainy,Medium,Yes,Yes,Low
65,2024-01-03 16:00:00,Residential,E-Scooter,4.65,40.7,8.2,Clear,Medium,Yes,No,Medium
66,2024-01-03 17:00:00,University Zone,E-Bike,7.36,24.1,24.5,Hot,Medium,Yes,No,Medium
67,2024-01-03 18:00:00,IT Hub,Bicycle,9.69,27.1,25.1,Rainy,Low,Yes,No,Low
68,2024-01-03 19:00:00,Residential,E-Bike,9.52,47.3,17.2,Foggy,Medium,Yes,No,High
69,2024-01-03 20:00:00,Residential,Bicycle,7.62,48.0,18.0,Clear,High,No,No,Medium
70,2024-01-03 21:00:00,Tourist Area,Bicycle,2.52,27.1,27.3,Rainy,Medium,No,No,Low
71,2024-01-03 22:00:00,University Zone,Bicycle,2.41,41.9,17.4,Clear,Low,Yes,No,Low
72,2024-01-03 23:00:00,Residential,Bicycle,3.12,19.1,15.4,Clear,Medium,Yes,No,Medium
73,2024-01-04 00:00:00,Commercial,E-Bike,7.61,7.0,9.7,Rainy,High,No,No,Low
74,2024-01-04 01:00:00,Commercial,E-Scooter,3.87,9.5,29.8,Hot,Medium,No,No,Low
75,2024-01-04 02:00:00,Tourist Area,Bicycle,2.98,12.6,12.5,Hot,Medium,Yes,Yes,Medium
76,2024-01-04 03:00:00,Residential,E-Bike,4.58,19.4,28.6,Foggy,Medium,No,No,Medium
77,2024-01-04 04:00:00,Tourist Area,Bicycle,0.64,21.4,18.2,Rainy,High,Yes,No,High
78,2024-01-04 05:00:00,Tourist Area,E-Scooter,6.27,17.5,18.7,Clear,Medium,Yes,No,High
79,2024-01-04 06:00:00,Tourist Area,Bicycle,4.94,36.2,29.0,Hot,Low,Yes,No,Low
80,2024-01-04 07:00:00,Residential,Bicycle,9.26,33.0,24.3,Foggy,High,No,No,Medium
81,2024-01-04 08:00:00,Residential,E-Scooter,3.95,28.7,18.3,Foggy,High,Yes,No,Medium
82,2024-01-04 09:00:00,IT Hub,Bicycle,0.77,18.4,12.7,Clear,High,No,No,High
83,2024-01-04 10:00:00,Tourist Area,E-Bike,7.37,35.8,8.4,Hot,Low,Yes,No,Medium
84,2024-01-04 11:00:00,Tourist Area,Bicycle,6.27,7.7,26.0,Foggy,Low,No,No,High
85,2024-01-04 12:00:00,Tourist Area,E-Scooter,4.87,36.3,8.0,Hot,High,Yes,No,Medium
86,2024-01-04 13:00:00,Tourist Area,E-Scooter,9.3,57.9,18.2,Hot,Medium,Yes,No,Medium
87,2024-01-04 14:00:00,Commercial,Bicycle,5.45,49.6,24.0,Rainy,Medium,No,No,Low
88,2024-01-04 15:00:00,Residential,Bicycle,2.99,38.3,24.2,Clear,Low,Yes,No,Medium
89,2024-01-04 16:00:00,Tourist Area,Bicycle,9.09,22.8,9.8,Hot,Medium,No,No,Medium
90,2024-01-04 17:00:00,Residential,Bicycle,4.91,56.2,12.3,Rainy,Low,Yes,No,High
91,2024-01-04 18:00:00,University Zone,E-Scooter,7.44,53.7,9.6,Hot,Medium,Yes,No,Low
92,2024-01-04 19:00:00,Tourist Area,E-Scooter,4.94,54.6,19.1,Rainy,High,No,No,Medium
93,2024-01-04 20:00:00,Residential,E-Bike,4.05,34.2,9.4,Rainy,High,No,No,Low
94,2024-01-04 21:00:00,IT Hub,Bicycle,0.75,42.0,20.3,Rainy,Low,No,No,High
95,2024-01-04 22:00:00,Tourist Area,E-Scooter,8.1,38.5,8.0,Foggy,High,Yes,No,High
96,2024-01-04 23:00:00,University Zone,Bicycle,7.17,50.6,10.4,Rainy,High,No,No,Medium
97,2024-01-05 00:00:00,Tourist Area,E-Bike,1.57,29.4,29.4,Hot,High,Yes,No,Low
98,2024-01-05 01:00:00,Residential,E-Scooter,5.24,40.0,26.5,Foggy,Medium,Yes,No,Low
99,2024-01-05 02:00:00,Commercial,E-Scooter,6.74,44.2,23.4,Hot,Low,Yes,No,Low
100,2024-01-05 03:00:00,Commercial,E-Bike,5.08,6.3,21.9,Hot,High,Yes,No,High
101,2024-01-05 04:00:00,Tourist Area,E-Bike,9.21,55.0,22.3,Rainy,Low,Yes,No,Medium
102,2024-01-05 05:00:00,Commercial,E-Bike,7.34,51.8,12.9,Hot,High,Yes,No,Medium
103,2024-01-05 06:00:00,Residential,Bicycle,1.39,52.3,14.1,Clear,Low,Yes,No,Low
104,2024-01-05 07:00:00,Residential,Bicycle,8.71,18.6,24.7,Clear,High,Yes,Yes,High
105,2024-01-05 08:00:00,Commercial,E-Bike,5.37,26.7,25.3,Rainy,Low,No,No,Medium
106,2024-01-05 09:00:00,Tourist Area,E-Bike,8.98,58.0,16.5,Foggy,Low,Yes,No,Low
107,2024-01-05 10:00:00,Residential,E-Scooter,8.48,28.5,25.2,Foggy,Low,Yes,No,Medium
108,2024-01-05 11:00:00,Tourist Area,E-Bike,9.25,47.3,13.2,Foggy,Medium,Yes,No,High
109,2024-01-05 12:00:00,University Zone,E-Bike,9.52,36.9,13.3,Foggy,Medium,Yes,No,Low
110,2024-01-05 13:00:00,University Zone,E-Scooter,7.96,52.9,22.0,Foggy,Medium,No,No,Medium
111,2024-01-05 14:00:00,Residential,E-Bike,7.45,56.6,19.1,Hot,High,No,No,Low
112,2024-01-05 15:00:00,University Zone,E-Scooter,5.16,32.0,19.2,Rainy,High,Yes,No,High
113,2024-01-05 16:00:00,University Zone,E-Bike,9.89,42.3,12.9,Clear,High,Yes,No,Medium
114,2024-01-05 17:00:00,Tourist Area,E-Bike,5.09,29.1,25.5,Clear,Low,No,No,Low
115,2024-01-05 18:00:00,University Zone,E-Scooter,7.15,50.7,26.4,Foggy,Low,Yes,Yes,Low
116,2024-01-05 19:00:00,Tourist Area,Bicycle,8.33,43.2,28.8,Clear,High,Yes,No,Medium
117,2024-01-05 20:00:00,Commercial,E-Bike,2.76,32.4,25.6,Hot,High,Yes,No,High
118,2024-01-05 21:00:00,University Zone,Bicycle,6.94,39.4,21.6,Clear,Medium,Yes,No,Low
119,2024-01-05 22:00:00,University Zone,E-Scooter,5.41,49.0,25.1,Rainy,Low,Yes,No,High
120,2024-01-05 23:00:00,University Zone,E-Bike,8.28,40.8,8.2,Foggy,Low,Yes,No,Low
121,2024-01-06 00:00:00,University Zone,E-Scooter,5.02,18.8,9.8,Foggy,Medium,No,No,Low
122,2024-01-06 01:00:00,Commercial,E-Scooter,8.07,48.5,22.8,Hot,Medium,No,No,Medium
123,2024-01-06 02:00:00,Commercial,Bicycle,2.49,16.1,19.5,Foggy,Low,Yes,No,Low
124,2024-01-06 03:00:00,Residential,E-Bike,4.5,39.3,26.1,Hot,Medium,Yes,Yes,Low
125,2024-01-06 04:00:00,Commercial,E-Bike,1.54,16.9,26.0,Hot,High,No,No,High
126,2024-01-06 05:00:00,Commercial,Bicycle,2.7,53.5,11.9,Foggy,High,Yes,No,Low
127,2024-01-06 06:00:00,University Zone,E-Bike,1.9,10.2,24.9,Rainy,Medium,No,Yes,Medium
128,2024-01-06 07:00:00,IT Hub,E-Bike,8.18,25.2,26.2,Hot,High,Yes,No,Low
129,2024-01-06 08:00:00,IT Hub,Bicycle,5.65,40.0,21.8,Clear,Medium,No,Yes,Low
130,2024-01-06 09:00:00,Commercial,E-Bike,7.5,50.6,9.9,Rainy,Low,Yes,No,Medium
131,2024-01-06 10:00:00,Residential,Bicycle,7.57,59.4,28.2,Foggy,Medium,No,No,Low
132,2024-01-06 11:00:00,Commercial,Bicycle,3.17,49.4,22.7,Rainy,High,Yes,No,High
133,2024-01-06 12:00:00,IT Hub,E-Scooter,6.27,13.4,20.8,Foggy,High,No,No,Medium
134,2024-01-06 13:00:00,University Zone,Bicycle,5.91,56.0,9.6,Foggy,Low,Yes,No,Low
135,2024-01-06 14:00:00,University Zone,Bicycle,5.16,17.6,17.8,Rainy,Low,Yes,No,Low
136,2024-01-06 15:00:00,Residential,E-Scooter,1.13,10.1,18.5,Rainy,Medium,No,No,Low
137,2024-01-06 16:00:00,IT Hub,E-Scooter,3.91,22.4,15.7,Rainy,High,Yes,No,Low
138,2024-01-06 17:00:00,Tourist Area,Bicycle,6.91,15.4,14.6,Rainy,High,No,No,High
139,2024-01-06 18:00:00,Residential,Bicycle,2.16,27.4,24.9,Hot,Low,Yes,No,High
140,2024-01-06 19:00:00,University Zone,E-Scooter,1.02,42.0,9.1,Clear,High,Yes,No,Low
141,2024-01-06 20:00:00,Tourist Area,E-Scooter,4.07,54.5,25.9,Foggy,Medium,Yes,No,Medium
142,2024-01-06 21:00:00,Residential,E-Scooter,1.21,37.8,28.2,Rainy,Medium,Yes,No,Low
143,2024-01-06 22:00:00,Residential,E-Scooter,7.85,42.5,25.8,Hot,Low,Yes,No,Medium
144,2024-01-06 23:00:00,Commercial,Bicycle,8.43,21.2,12.9,Hot,Medium,Yes,No,Low
145,2024-01-07 00:00:00,Residential,E-Bike,7.4,27.9,17.6,Rainy,Low,Yes,Yes,Low
146,2024-01-07 01:00:00,Tourist Area,E-Bike,3.58,28.7,19.0,Foggy,Low,No,No,High
147,2024-01-07 02:00:00,Residential,E-Bike,8.81,31.9,26.3,Hot,Low,Yes,No,High
148,2024-01-07 03:00:00,Commercial,Bicycle,0.87,18.7,20.5,Foggy,Medium,No,Yes,Low
149,2024-01-07 04:00:00,Residential,Bicycle,3.64,9.3,19.2,Clear,Low,Yes,No,Low
150,2024-01-07 05:00:00,IT Hub,E-Scooter,1.91,12.7,15.8,Foggy,Low,No,No,Medium
151,2024-01-07 06:00:00,IT Hub,Bicycle,7.84,20.1,15.9,Foggy,Medium,Yes,No,Low
152,2024-01-07 07:00:00,IT Hub,E-Bike,8.84,15.0,21.9,Rainy,Low,No,No,Medium
153,2024-01-07 08:00:00,Residential,Bicycle,6.58,53.7,20.7,Clear,Low,Yes,Yes,High
154,2024-01-07 09:00:00,Tourist Area,E-Scooter,7.83,48.4,29.5,Rainy,High,Yes,No,Low
155,2024-01-07 10:00:00,IT Hub,E-Scooter,3.51,17.2,27.2,Rainy,Low,Yes,No,Low
156,2024-01-07 11:00:00,Tourist Area,Bicycle,5.11,23.6,23.9,Foggy,High,No,No,Low
157,2024-01-07 12:00:00,Residential,Bicycle,4.6,44.5,11.7,Clear,High,No,No,Low
158,2024-01-07 13:00:00,Residential,E-Scooter,2.53,20.3,22.6,Foggy,Low,Yes,No,Low
159,2024-01-07 14:00:00,Tourist Area,Bicycle,8.58,10.7,19.8,Foggy,High,Yes,No,Medium
160,2024-01-07 15:00:00,Tourist Area,E-Bike,5.62,58.7,19.4,Foggy,Low,Yes,No,Low
161,2024-01-07 16:00:00,IT Hub,E-Bike,0.83,21.1,9.7,Hot,Low,Yes,No,Low
162,2024-01-07 17:00:00,University Zone,E-Scooter,3.07,18.0,29.0,Clear,Low,Yes,Yes,Low
163,2024-01-07 18:00:00,Commercial,Bicycle,1.69,50.8,22.7,Foggy,Medium,Yes,No,Medium
164,2024-01-07 19:00:00,Tourist Area,E-Bike,1.94,44.5,28.6,Hot,Medium,Yes,No,Low
165,2024-01-07 20:00:00,IT Hub,Bicycle,6.21,59.5,21.9,Clear,High,Yes,No,Low
166,2024-01-07 21:00:00,Tourist Area,E-Bike,1.07,25.5,26.9,Hot,Medium,Yes,No,Medium
167,2024-01-07 22:00:00,IT Hub,Bicycle,0.53,22.4,19.0,Clear,Low,No,No,Low
168,2024-01-07 23:00:00,IT Hub,E-Scooter,8.66,23.8,21.7,Hot,High,Yes,No,High
169,2024-01-08 00:00:00,Tourist Area,Bicycle,3.26,15.4,21.5,Foggy,High,No,Yes,Low
170,2024-01-08 01:00:00,Residential,Bicycle,7.34,46.6,26.5,Rainy,Low,Yes,No,Low
171,2024-01-08 02:00:00,Tourist Area,E-Scooter,7.11,26.0,10.3,Clear,Medium,No,No,High
172,2024-01-08 03:00:00,Residential,E-Scooter,4.53,12.9,27.2,Hot,Medium,No,No,Low
173,2024-01-08 04:00:00,Tourist Area,E-Bike,5.59,49.5,11.3,Hot,Low,Yes,Yes,Low
174,2024-01-08 05:00:00,Tourist Area,E-Scooter,4.29,34.5,9.9,Clear,Medium,Yes,Yes,High
175,2024-01-08 06:00:00,Tourist Area,E-Bike,1.69,45.0,29.5,Clear,Medium,Yes,No,High
176,2024-01-08 07:00:00,Tourist Area,E-Bike,8.54,22.9,21.3,Clear,High,Yes,No,Medium
177,2024-01-08 08:00:00,Commercial,E-Bike,6.73,21.9,27.6,Hot,Medium,Yes,No,Low
178,2024-01-08 09:00:00,Commercial,E-Scooter,2.73,13.5,16.1,Rainy,Low,No,No,Low
179,2024-01-08 10:00:00,University Zone,E-Bike,9.64,41.9,17.9,Rainy,Medium,Yes,Yes,Medium
180,2024-01-08 11:00:00,University Zone,E-Bike,2.01,47.9,9.6,Rainy,High,No,No,Low
181,2024-01-08 12:00:00,Commercial,E-Scooter,6.89,57.8,28.3,Clear,Low,No,No,Low
182,2024-01-08 13:00:00,Commercial,E-Scooter,1.4,28.5,16.0,Hot,Medium,Yes,Yes,Medium
183,2024-01-08 14:00:00,University Zone,E-Bike,7.79,53.4,27.1,Hot,Medium,Yes,No,High
184,2024-01-08 15:00:00,Residential,E-Scooter,2.41,20.4,27.7,Foggy,Low,Yes,No,Medium
185,2024-01-08 16:00:00,IT Hub,E-Scooter,1.33,29.6,10.9,Clear,Medium,Yes,No,Medium
186,2024-01-08 17:00:00,Residential,Bicycle,3.32,45.2,17.9,Rainy,Low,No,No,Low
187,2024-01-08 18:00:00,University Zone,E-Scooter,1.22,43.6,14.4,Hot,High,Yes,No,Low
188,2024-01-08 19:00:00,Residential,Bicycle,8.14,30.3,12.6,Clear,High,Yes,No,Low
189,2024-01-08 20:00:00,Tourist Area,Bicycle,7.98,11.0,18.3,Clear,Low,Yes,No,Medium
190,2024-01-08 21:00:00,University Zone,E-Scooter,9.02,53.5,26.1,Rainy,Low,Yes,Yes,Low
191,2024-01-08 22:00:00,IT Hub,Bicycle,8.95,30.1,20.1,Hot,Medium,Yes,No,High
192,2024-01-08 23:00:00,IT Hub,E-Bike,8.35,20.0,14.2,Hot,Low,Yes,No,Low
193,2024-01-09 00:00:00,University Zone,E-Bike,3.54,47.8,12.7,Clear,Medium,Yes,No,Low
194,2024-01-09 01:00:00,Tourist Area,E-Bike,8.47,7.1,27.5,Rainy,Medium,No,No,High
195,2024-01-09 02:00:00,Commercial,Bicycle,3.66,38.1,21.8,Hot,Low,Yes,No,Medium
196,2024-01-09 03:00:00,Tourist Area,Bicycle,1.52,33.4,26.3,Clear,Medium,Yes,No,Low
197,2024-01-09 04:00:00,Tourist Area,E-Scooter,8.52,27.4,24.5,Rainy,Medium,No,Yes,Medium
198,2024-01-09 05:00:00,IT Hub,Bicycle,3.93,23.3,10.7,Foggy,Medium,No,No,High
199,2024-01-09 06:00:00,Residential,E-Bike,3.89,5.6,19.6,Hot,Medium,No,No,Low
200,2024-01-09 07:00:00,Residential,Bicycle,6.87,28.2,24.1,Rainy,Low,Yes,No,Medium
201,2024-01-09 08:00:00,Residential,E-Bike,3.66,51.4,9.5,Foggy,Medium,Yes,No,Low
202,2024-01-09 09:00:00,IT Hub,E-Bike,3.36,17.0,10.5,Foggy,Medium,Yes,No,High
203,2024-01-09 10:00:00,IT Hub,E-Scooter,4.55,34.2,26.8,Hot,Low,Yes,No,High
204,2024-01-09 11:00:00,IT Hub,E-Scooter,6.01,22.4,17.4,Foggy,Low,Yes,No,Low
205,2024-01-09 12:00:00,Commercial,Bicycle,2.61,31.3,25.9,Clear,Low,No,Yes,Low
206,2024-01-09 13:00:00,Commercial,Bicycle,8.6,27.0,28.3,Rainy,High,No,No,Medium
207,2024-01-09 14:00:00,Residential,E-Scooter,9.7,33.2,29.7,Foggy,Medium,No,No,Medium
208,2024-01-09 15:00:00,Tourist Area,Bicycle,3.64,42.9,27.0,Rainy,Low,Yes,No,Low
209,2024-01-09 16:00:00,Tourist Area,E-Bike,5.98,9.9,17.7,Foggy,Low,No,Yes,Low
210,2024-01-09 17:00:00,Tourist Area,E-Bike,9.75,31.8,13.8,Rainy,High,Yes,Yes,High
211,2024-01-09 18:00:00,Residential,Bicycle,8.4,55.8,10.5,Hot,High,Yes,No,High
212,2024-01-09 19:00:00,Tourist Area,Bicycle,6.93,59.8,21.8,Clear,Medium,Yes,No,High
213,2024-01-09 20:00:00,Residential,Bicycle,2.96,15.5,27.3,Foggy,High,No,No,High
214,2024-01-09 21:00:00,IT Hub,E-Bike,5.85,14.8,19.2,Clear,Low,No,No,Medium
215,2024-01-09 22:00:00,University Zone,E-Bike,1.16,6.1,21.3,Hot,Low,No,No,High
216,2024-01-09 23:00:00,Residential,Bicycle,2.32,59.8,20.3,Rainy,Medium,Yes,No,Low
217,2024-01-10 00:00:00,Commercial,E-Scooter,0.6,55.9,22.8,Hot,Low,No,No,Low
218,2024-01-10 01:00:00,Residential,Bicycle,8.71,51.8,12.1,Rainy,Medium,Yes,No,Low
219,2024-01-10 02:00:00,University Zone,E-Bike,3.11,53.1,23.4,Foggy,Low,Yes,No,Low
220,2024-01-10 03:00:00,IT Hub,E-Scooter,2.68,22.4,28.1,Foggy,High,Yes,No,Low
221,2024-01-10 04:00:00,Commercial,E-Bike,9.1,33.7,28.9,Clear,High,No,No,Low
222,2024-01-10 05:00:00,Residential,Bicycle,5.04,49.7,28.7,Rainy,Medium,No,No,Low
223,2024-01-10 06:00:00,IT Hub,E-Scooter,3.34,19.2,21.1,Clear,Low,Yes,No,Medium
224,2024-01-10 07:00:00,University Zone,Bicycle,0.99,33.3,17.3,Hot,Medium,Yes,No,Medium
225,2024-01-10 08:00:00,University Zone,Bicycle,0.73,10.5,17.0,Rainy,Low,No,No,High
226,2024-01-10 09:00:00,University Zone,E-Bike,0.7,32.9,9.1,Rainy,High,Yes,No,High
227,2024-01-10 10:00:00,Tourist Area,E-Bike,6.39,42.8,15.5,Clear,High,Yes,No,High
228,2024-01-10 11:00:00,Tourist Area,E-Scooter,8.77,20.4,21.5,Clear,Low,Yes,No,Low
229,2024-01-10 12:00:00,Residential,Bicycle,6.72,14.2,18.9,Clear,Medium,Yes,No,Low
230,2024-01-10 13:00:00,University Zone,Bicycle,4.58,53.7,17.0,Foggy,High,No,No,Medium
231,2024-01-10 14:00:00,Commercial,Bicycle,7.06,36.1,9.5,Foggy,Medium,Yes,No,Low
232,2024-01-10 15:00:00,University Zone,Bicycle,5.02,43.5,22.4,Hot,Low,No,No,High
233,2024-01-10 16:00:00,Commercial,E-Scooter,1.58,31.7,27.4,Hot,Low,No,No,Medium
234,2024-01-10 17:00:00,Commercial,E-Bike,4.24,11.3,9.0,Foggy,Low,Yes,No,High
235,2024-01-10 18:00:00,Commercial,E-Scooter,2.89,8.0,10.4,Foggy,Low,Yes,No,Medium
236,2024-01-10 19:00:00,Residential,E-Scooter,4.31,52.2,27.7,Foggy,Low,Yes,No,Low
237,2024-01-10 20:00:00,Commercial,Bicycle,8.13,34.4,18.3,Foggy,Low,Yes,Yes,High
238,2024-01-10 21:00:00,University Zone,E-Bike,5.34,52.7,22.4,Rainy,High,No,No,Low
239,2024-01-10 22:00:00,Tourist Area,E-Scooter,2.55,54.0,28.0,Foggy,Low,No,No,Low
240,2024-01-10 23:00:00,IT Hub,E-Scooter,5.51,44.5,21.5,Clear,Low,No,No,Low
241,2024-01-11 00:00:00,University Zone,Bicycle,5.5,37.2,24.4,Clear,Medium,No,Yes,Low
242,2024-01-11 01:00:00,Commercial,Bicycle,5.11,8.8,10.1,Hot,High,No,No,Low
243,2024-01-11 02:00:00,Residential,E-Bike,3.98,40.9,20.0,Hot,Medium,Yes,No,High
244,2024-01-11 03:00:00,IT Hub,E-Scooter,6.01,18.0,13.1,Foggy,High,Yes,No,Low
245,2024-01-11 04:00:00,IT Hub,E-Scooter,2.18,28.2,13.4,Hot,Medium,Yes,No,Low
246,2024-01-11 05:00:00,IT Hub,Bicycle,5.86,18.1,13.2,Foggy,Low,Yes,No,High
247,2024-01-11 06:00:00,IT Hub,Bicycle,1.3,5.2,26.8,Rainy,High,No,No,Medium
248,2024-01-11 07:00:00,Tourist Area,E-Scooter,7.01,19.6,17.7,Foggy,Medium,No,Yes,Low
249,2024-01-11 08:00:00,IT Hub,Bicycle,1.77,13.5,8.8,Clear,Low,Yes,Yes,Medium
250,2024-01-11 09:00:00,Residential,Bicycle,9.53,19.2,10.7,Rainy,Low,No,No,Medium
251,2024-01-11 10:00:00,Commercial,Bicycle,8.22,20.6,18.2,Hot,Medium,Yes,No,Low
252,2024-01-11 11:00:00,University Zone,E-Bike,4.64,38.9,21.7,Clear,Low,No,Yes,Low
253,2024-01-11 12:00:00,Residential,Bicycle,1.9,36.8,8.0,Hot,Medium,No,No,Low
254,2024-01-11 13:00:00,Residential,E-Scooter,9.35,11.4,11.6,Clear,Low,No,No,Medium
255,2024-01-11 14:00:00,IT Hub,E-Scooter,5.13,32.5,10.7,Rainy,High,Yes,No,High
256,2024-01-11 15:00:00,Commercial,E-Bike,0.7,6.9,16.8,Hot,Low,No,No,Low
257,2024-01-11 16:00:00,Tourist Area,Bicycle,1.68,20.6,14.9,Clear,Medium,Yes,No,Medium
258,2024-01-11 17:00:00,Residential,E-Bike,5.31,47.6,23.3,Hot,Medium,No,No,High
259,2024-01-11 18:00:00,Tourist Area,E-Scooter,4.79,18.2,29.6,Foggy,High,Yes,No,Medium
260,2024-01-11 19:00:00,Tourist Area,Bicycle,8.7,18.5,24.9,Foggy,Low,Yes,No,Low
261,2024-01-11 20:00:00,Tourist Area,E-Scooter,8.77,31.4,29.1,Foggy,High,No,No,High
262,2024-01-11 21:00:00,Residential,E-Bike,9.55,42.5,22.2,Hot,Medium,No,No,High
263,2024-01-11 22:00:00,Residential,E-Bike,5.01,26.2,17.0,Rainy,Low,Yes,No,Low
264,2024-01-11 23:00:00,Residential,E-Scooter,9.59,45.0,21.5,Rainy,Low,Yes,No,Low
265,2024-01-12 00:00:00,Tourist Area,Bicycle,3.41,39.6,27.7,Hot,Medium,Yes,No,High
266,2024-01-12 01:00:00,Residential,E-Bike,1.08,51.1,21.2,Hot,Low,No,No,Medium
267,2024-01-12 02:00:00,Residential,Bicycle,5.62,50.3,27.7,Foggy,Low,Yes,Yes,Low
268,2024-01-12 03:00:00,IT Hub,E-Bike,2.61,14.2,8.6,Foggy,Medium,Yes,No,Medium
269,2024-01-12 04:00:00,Residential,E-Bike,9.59,27.6,28.6,Foggy,Medium,No,No,Medium
270,2024-01-12 05:00:00,Commercial,E-Scooter,4.99,54.5,12.6,Hot,Medium,Yes,No,Low
271,2024-01-12 06:00:00,Commercial,Bicycle,2.34,55.4,16.0,Foggy,Medium,Yes,No,High
272,2024-01-12 07:00:00,University Zone,E-Scooter,2.27,18.0,13.6,Hot,Medium,Yes,No,High
273,2024-01-12 08:00:00,IT Hub,E-Scooter,2.37,44.3,17.7,Hot,Medium,Yes,No,Low
274,2024-01-12 09:00:00,Tourist Area,E-Scooter,1.31,25.1,24.1,Foggy,Medium,Yes,No,Low
275,2024-01-12 10:00:00,Commercial,E-Bike,4.15,31.2,16.6,Foggy,High,Yes,No,Low
276,2024-01-12 11:00:00,University Zone,Bicycle,3.79,8.3,28.6,Rainy,Low,Yes,No,Low
277,2024-01-12 12:00:00,IT Hub,Bicycle,4.61,37.4,25.4,Rainy,Medium,No,Yes,Low
278,2024-01-12 13:00:00,IT Hub,E-Scooter,6.44,41.2,25.7,Foggy,Low,Yes,Yes,Medium
279,2024-01-12 14:00:00,Residential,Bicycle,5.35,39.7,11.6,Clear,High,No,No,High
280,2024-01-12 15:00:00,Commercial,E-Scooter,5.07,49.2,27.1,Rainy,Low,Yes,No,Low
281,2024-01-12 16:00:00,Commercial,E-Bike,8.64,38.9,29.6,Foggy,Medium,Yes,No,Medium
282,2024-01-12 17:00:00,IT Hub,E-Bike,2.67,47.4,17.3,Rainy,Medium,No,No,Medium
283,2024-01-12 18:00:00,University Zone,E-Scooter,3.58,16.4,10.4,Foggy,High,Yes,No,Medium
284,2024-01-12 19:00:00,Residential,Bicycle,6.55,14.1,9.7,Foggy,Low,No,No,Medium
285,2024-01-12 20:00:00,Residential,Bicycle,1.52,51.7,19.9,Foggy,High,Yes,No,Low
286,2024-01-12 21:00:00,Tourist Area,E-Scooter,8.14,48.7,20.4,Hot,Low,Yes,No,Low
287,2024-01-12 22:00:00,IT Hub,E-Bike,8.22,6.4,23.6,Clear,High,Yes,No,Low
288,2024-01-12 23:00:00,University Zone,E-Bike,3.16,19.2,25.9,Hot,High,No,No,High
289,2024-01-13 00:00:00,IT Hub,Bicycle,3.03,15.7,25.2,Foggy,Medium,Yes,No,Low
290,2024-01-13 01:00:00,Residential,E-Scooter,2.49,45.9,14.5,Foggy,High,No,No,Medium
291,2024-01-13 02:00:00,Commercial,Bicycle,3.5,8.1,9.9,Hot,Medium,No,No,Medium
292,2024-01-13 03:00:00,Tourist Area,Bicycle,6.34,15.1,22.9,Hot,Medium,Yes,No,Medium
293,2024-01-13 04:00:00,Residential,E-Scooter,4.81,58.7,17.6,Foggy,Medium,Yes,No,Low
294,2024-01-13 05:00:00,Tourist Area,E-Scooter,2.99,7.9,9.0,Foggy,High,Yes,No,Low
295,2024-01-13 06:00:00,Commercial,E-Bike,9.84,9.6,23.2,Rainy,Low,No,No,Medium
296,2024-01-13 07:00:00,Commercial,Bicycle,4.31,50.5,9.1,Hot,Low,Yes,Yes,Medium
297,2024-01-13 08:00:00,Residential,Bicycle,3.45,28.3,21.4,Foggy,Medium,Yes,No,Medium
298,2024-01-13 09:00:00,University Zone,Bicycle,9.37,43.7,12.0,Clear,Medium,Yes,No,High
299,2024-01-13 10:00:00,Tourist Area,Bicycle,7.46,8.8,14.5,Rainy,Medium,No,No,Low
300,2024-01-13 11:00:00,IT Hub,E-Scooter,1.11,53.9,13.4,Rainy,Low,No,No,Medium
301,2024-01-13 12:00:00,IT Hub,E-Scooter,2.06,38.3,10.4,Foggy,Low,Yes,No,Medium
302,2024-01-13 13:00:00,Commercial,Bicycle,7.97,37.2,19.9,Hot,Low,No,No,Low
303,2024-01-13 14:00:00,IT Hub,Bicycle,4.44,58.2,26.6,Hot,High,Yes,No,Low
304,2024-01-13 15:00:00,Tourist Area,Bicycle,1.46,6.1,27.8,Foggy,Medium,Yes,No,Medium
305,2024-01-13 16:00:00,IT Hub,Bicycle,3.62,55.2,10.7,Clear,Medium,Yes,Yes,Medium
306,2024-01-13 17:00:00,Commercial,Bicycle,6.54,45.8,25.1,Clear,Low,No,No,Low
307,2024-01-13 18:00:00,IT Hub,Bicycle,6.49,30.9,17.4,Foggy,Medium,Yes,No,Low
308,2024-01-13 19:00:00,Residential,Bicycle,2.2,8.2,22.8,Clear,Low,Yes,No,Low
309,2024-01-13 20:00:00,Commercial,E-Scooter,7.6,43.8,23.6,Foggy,High,Yes,No,Low
310,2024-01-13 21:00:00,Tourist Area,Bicycle,4.18,21.8,21.2,Rainy,Medium,Yes,No,Low
311,2024-01-13 22:00:00,Residential,Bicycle,7.57,5.7,25.8,Rainy,Low,No,No,Medium
312,2024-01-13 23:00:00,Tourist Area,E-Bike,6.53,23.2,19.4,Clear,High,Yes,No,Low
313,2024-01-14 00:00:00,Commercial,E-Scooter,1.21,15.5,20.1,Foggy,Medium,No,No,High
314,2024-01-14 01:00:00,IT Hub,E-Scooter,1.98,15.6,20.7,Foggy,Medium,Yes,No,Low
315,2024-01-14 02:00:00,Tourist Area,Bicycle,7.57,30.2,22.9,Rainy,Low,No,No,Medium
316,2024-01-14 03:00:00,Tourist Area,E-Bike,1.51,15.1,12.0,Rainy,Low,No,No,Low
317,2024-01-14 04:00:00,University Zone,E-Scooter,2.42,26.3,25.8,Rainy,Low,No,No,Low
318,2024-01-14 05:00:00,Commercial,Bicycle,8.69,47.4,13.2,Foggy,Medium,Yes,No,High
319,2024-01-14 06:00:00,Commercial,Bicycle,9.66,45.3,16.8,Hot,High,Yes,No,Medium
320,2024-01-14 07:00:00,Commercial,E-Bike,2.49,9.3,27.1,Foggy,Medium,No,No,High
321,2024-01-14 08:00:00,Tourist Area,Bicycle,2.52,14.9,13.4,Hot,Low,Yes,No,Low
322,2024-01-14 09:00:00,Residential,E-Bike,5.05,54.5,28.1,Hot,Low,Yes,No,Medium
323,2024-01-14 10:00:00,Commercial,Bicycle,2.16,52.1,29.6,Clear,Low,Yes,No,High
324,2024-01-14 11:00:00,IT Hub,E-Scooter,6.41,16.1,10.9,Foggy,Medium,Yes,Yes,Medium
325,2024-01-14 12:00:00,Residential,Bicycle,7.54,43.7,14.4,Hot,Medium,Yes,No,Low
326,2024-01-14 13:00:00,Tourist Area,Bicycle,7.69,18.6,28.4,Rainy,Medium,Yes,No,Low
327,2024-01-14 14:00:00,Commercial,E-Scooter,9.03,59.0,9.7,Foggy,Low,Yes,No,High
328,2024-01-14 15:00:00,University Zone,Bicycle,2.81,35.0,27.0,Clear,Medium,Yes,No,Low
329,2024-01-14 16:00:00,Commercial,E-Scooter,9.63,17.2,28.3,Clear,Medium,Yes,No,Low
330,2024-01-14 17:00:00,University Zone,E-Bike,0.68,32.8,19.0,Hot,Medium,Yes,No,High
331,2024-01-14 18:00:00,Residential,Bicycle,10.0,47.9,10.8,Clear,High,Yes,No,Medium
332,2024-01-14 19:00:00,Tourist Area,E-Scooter,6.05,19.1,9.6,Clear,High,Yes,No,High
333,2024-01-14 20:00:00,Residential,E-Scooter,6.97,36.6,26.0,Hot,Low,No,No,Medium
334,2024-01-14 21:00:00,Commercial,E-Scooter,1.94,48.4,27.5,Hot,Low,Yes,No,Medium
335,2024-01-14 22:00:00,Commercial,E-Scooter,1.66,9.5,17.9,Hot,Medium,No,Yes,High
336,2024-01-14 23:00:00,Residential,E-Bike,3.21,33.0,13.6,Hot,High,No,No,Low
337,2024-01-15 00:00:00,University Zone,E-Scooter,5.9,26.7,25.4,Clear,High,No,No,Medium
338,2024-01-15 01:00:00,Residential,E-Bike,1.71,14.7,12.4,Clear,Low,Yes,No,Low
339,2024-01-15 02:00:00,University Zone,E-Scooter,9.38,34.1,28.6,Clear,High,Yes,Yes,High
340,2024-01-15 03:00:00,Tourist Area,E-Bike,7.81,18.0,10.9,Hot,Medium,No,Yes,High
341,2024-01-15 04:00:00,University Zone,E-Bike,3.56,47.8,29.8,Clear,High,Yes,No,Low
342,2024-01-15 05:00:00,Commercial,E-Scooter,9.85,54.5,18.4,Hot,Low,Yes,No,Medium
343,2024-01-15 06:00:00,Commercial,Bicycle,9.82,20.1,17.7,Foggy,Medium,Yes,No,Low
344,2024-01-15 07:00:00,University Zone,E-Scooter,3.56,17.3,14.2,Clear,Medium,No,Yes,Low
345,2024-01-15 08:00:00,Commercial,E-Scooter,7.74,15.3,13.8,Hot,Low,Yes,No,Medium
346,2024-01-15 09:00:00,Tourist Area,E-Scooter,2.67,46.5,11.1,Clear,Medium,Yes,Yes,Medium
347,2024-01-15 10:00:00,Residential,E-Scooter,1.69,10.9,19.5,Clear,Medium,No,No,High
348,2024-01-15 11:00:00,University Zone,E-Scooter,7.97,55.9,16.0,Foggy,Low,Yes,No,Medium
349,2024-01-15 12:00:00,IT Hub,Bicycle,5.94,6.1,15.0,Rainy,Medium,Yes,No,Medium
350,2024-01-15 13:00:00,Commercial,Bicycle,5.14,26.4,20.0,Hot,Medium,No,No,Low
351,2024-01-15 14:00:00,Commercial,Bicycle,5.15,53.6,14.9,Foggy,Medium,No,No,Low
352,2024-01-15 15:00:00,Residential,E-Scooter,10.0,31.5,16.3,Rainy,High,Yes,No,Low
353,2024-01-15 16:00:00,Residential,E-Bike,6.56,18.3,29.4,Foggy,High,No,No,Medium
354,2024-01-15 17:00:00,University Zone,Bicycle,7.78,36.0,27.1,Clear,High,Yes,No,Low
355,2024-01-15 18:00:00,IT Hub,Bicycle,0.87,29.7,28.6,Rainy,Medium,Yes,No,High
356,2024-01-15 19:00:00,Tourist Area,E-Scooter,7.99,18.5,22.8,Foggy,Medium,Yes,No,Medium
357,2024-01-15 20:00:00,IT Hub,E-Scooter,1.15,41.0,27.8,Clear,Low,Yes,No,Medium
358,2024-01-15 21:00:00,IT Hub,Bicycle,0.68,45.2,10.7,Hot,High,Yes,No,Low
359,2024-01-15 22:00:00,IT Hub,E-Bike,5.75,17.8,19.4,Rainy,Low,Yes,Yes,Medium
360,2024-01-15 23:00:00,Tourist Area,E-Bike,7.82,49.8,10.8,Hot,High,No,No,Medium
361,2024-01-16 00:00:00,Residential,E-Scooter,4.92,46.8,19.7,Rainy,Low,Yes,No,Low
362,2024-01-16 01:00:00,Tourist Area,E-Bike,0.59,17.8,17.8,Rainy,High,Yes,No,High
363,2024-01-16 02:00:00,Residential,E-Scooter,4.99,19.8,8.9,Foggy,Medium,Yes,Yes,High
364,2024-01-16 03:00:00,Tourist Area,E-Scooter,6.63,56.7,21.7,Rainy,High,No,No,High
365,2024-01-16 04:00:00,IT Hub,E-Scooter,2.44,45.0,19.8,Rainy,Low,Yes,No,Medium
366,2024-01-16 05:00:00,Tourist Area,E-Scooter,4.86,48.8,23.2,Hot,Low,No,No,High
367,2024-01-16 06:00:00,Residential,E-Scooter,9.57,25.9,13.6,Hot,Low,Yes,No,Medium
368,2024-01-16 07:00:00,Residential,Bicycle,4.62,13.6,19.8,Hot,Low,No,No,Low
369,2024-01-16 08:00:00,Commercial,E-Scooter,5.35,42.3,25.5,Foggy,Medium,No,No,Medium
370,2024-01-16 09:00:00,Commercial,E-Bike,5.31,38.5,13.5,Foggy,Low,Yes,No,High
371,2024-01-16 10:00:00,IT Hub,E-Bike,7.74,42.1,8.5,Foggy,Low,Yes,Yes,High
372,2024-01-16 11:00:00,Tourist Area,Bicycle,9.91,7.2,27.2,Rainy,Low,No,No,Medium
373,2024-01-16 12:00:00,IT Hub,Bicycle,1.37,13.2,14.6,Clear,Medium,Yes,No,Low
374,2024-01-16 13:00:00,Residential,E-Bike,1.5,35.8,8.2,Foggy,Low,Yes,No,Low
375,2024-01-16 14:00:00,Tourist Area,E-Scooter,5.94,19.5,8.1,Rainy,High,No,No,Medium
376,2024-01-16 15:00:00,IT Hub,E-Scooter,9.72,32.9,15.3,Clear,Low,Yes,No,High
377,2024-01-16 16:00:00,IT Hub,Bicycle,1.96,53.0,28.7,Hot,High,Yes,No,Low
378,2024-01-16 17:00:00,Residential,E-Scooter,8.98,24.6,12.5,Rainy,Medium,Yes,No,Low
379,2024-01-16 18:00:00,Residential,Bicycle,4.25,28.0,24.0,Foggy,Medium,Yes,Yes,High
380,2024-01-16 19:00:00,IT Hub,E-Bike,4.86,9.7,16.2,Hot,Medium,Yes,No,Low
381,2024-01-16 20:00:00,University Zone,E-Bike,6.62,46.6,19.6,Rainy,Low,Yes,No,Medium
382,2024-01-16 21:00:00,University Zone,Bicycle,7.14,58.0,23.4,Hot,High,Yes,No,Low
383,2024-01-16 22:00:00,IT Hub,E-Bike,2.94,24.2,12.4,Foggy,Medium,Yes,No,High
384,2024-01-16 23:00:00,Tourist Area,E-Bike,3.57,7.0,25.8,Foggy,High,Yes,No,High
385,2024-01-17 00:00:00,University Zone,E-Scooter,3.13,5.4,22.9,Clear,High,No,No,Medium
386,2024-01-17 01:00:00,Commercial,Bicycle,8.97,20.7,28.9,Clear,High,No,No,Low
387,2024-01-17 02:00:00,IT Hub,Bicycle,7.02,40.8,29.6,Rainy,High,Yes,Yes,High
388,2024-01-17 03:00:00,Commercial,E-Scooter,3.33,57.1,19.2,Rainy,Medium,Yes,Yes,Low
389,2024-01-17 04:00:00,IT Hub,E-Bike,1.5,14.8,8.0,Foggy,Low,Yes,Yes,Low
390,2024-01-17 05:00:00,University Zone,Bicycle,0.7,22.8,12.6,Rainy,Low,No,No,Low
391,2024-01-17 06:00:00,Tourist Area,E-Bike,8.75,15.3,27.7,Hot,High,No,No,Low
392,2024-01-17 07:00:00,Tourist Area,E-Bike,2.56,46.0,18.7,Rainy,Low,No,No,Low
393,2024-01-17 08:00:00,Commercial,Bicycle,2.0,55.7,23.0,Foggy,Medium,Yes,No,High
394,2024-01-17 09:00:00,Commercial,E-Bike,9.89,29.8,14.4,Rainy,High,Yes,Yes,Low
395,2024-01-17 10:00:00,IT Hub,Bicycle,2.03,50.5,18.4,Foggy,Low,Yes,No,Low
396,2024-01-17 11:00:00,Commercial,E-Scooter,6.73,37.4,18.2,Rainy,Low,No,No,High
397,2024-01-17 12:00:00,Commercial,Bicycle,2.57,21.7,14.7,Clear,Medium,Yes,Yes,Low
398,2024-01-17 13:00:00,University Zone,Bicycle,6.36,29.7,17.7,Clear,Low,Yes,No,Medium
399,2024-01-17 14:00:00,Tourist Area,E-Scooter,6.89,51.8,16.5,Rainy,Low,No,No,Medium
400,2024-01-17 15:00:00,IT Hub,E-Bike,8.73,10.1,29.0,Foggy,High,Yes,No,Medium
401,2024-01-17 16:00:00,University Zone,E-Scooter,5.42,27.6,27.1,Clear,Medium,No,Yes,Low
402,2024-01-17 17:00:00,Tourist Area,Bicycle,8.45,19.7,14.9,Foggy,Medium,Yes,Yes,Low
403,2024-01-17 18:00:00,Tourist Area,E-Scooter,1.48,11.3,21.2,Rainy,Medium,Yes,No,High
404,2024-01-17 19:00:00,Residential,Bicycle,3.87,32.4,11.2,Hot,Low,No,Yes,Medium
405,2024-01-17 20:00:00,Residential,E-Scooter,0.62,36.9,27.8,Hot,Low,Yes,No,Low
406,2024-01-17 21:00:00,Commercial,Bicycle,4.02,38.4,18.3,Foggy,High,No,No,Medium
407,2024-01-17 22:00:00,Commercial,Bicycle,0.88,8.9,23.1,Rainy,Low,Yes,No,Low
408,2024-01-17 23:00:00,Residential,E-Scooter,9.71,23.3,8.2,Clear,High,Yes,No,Medium
409,2024-01-18 00:00:00,University Zone,E-Bike,6.18,57.6,23.8,Hot,Low,Yes,No,Low
410,2024-01-18 01:00:00,IT Hub,E-Bike,4.35,5.9,26.7,Foggy,High,Yes,No,Low
411,2024-01-18 02:00:00,University Zone,Bicycle,6.06,40.8,11.4,Clear,Low,Yes,No,Low
412,2024-01-18 03:00:00,Tourist Area,Bicycle,4.1,42.7,13.6,Hot,High,Yes,No,Medium
413,2024-01-18 04:00:00,Tourist Area,E-Scooter,0.96,19.4,20.2,Foggy,Low,No,No,Low
414,2024-01-18 05:00:00,University Zone,E-Bike,8.14,22.1,10.9,Rainy,Low,Yes,No,Low
415,2024-01-18 06:00:00,Commercial,Bicycle,1.92,50.3,11.4,Rainy,High,Yes,Yes,Low
416,2024-01-18 07:00:00,Tourist Area,E-Bike,6.13,10.6,11.6,Hot,Medium,Yes,No,Low
417,2024-01-18 08:00:00,University Zone,Bicycle,1.17,51.0,9.1,Hot,Low,No,No,Low
418,2024-01-18 09:00:00,Residential,Bicycle,6.67,12.9,19.5,Rainy,Low,Yes,No,Low
419,2024-01-18 10:00:00,IT Hub,E-Bike,2.82,52.2,8.4,Foggy,Low,Yes,No,Medium
420,2024-01-18 11:00:00,University Zone,E-Scooter,8.06,15.5,28.7,Clear,Medium,Yes,No,Low
421,2024-01-18 12:00:00,IT Hub,Bicycle,8.86,24.9,10.5,Foggy,Medium,Yes,No,Low
422,2024-01-18 13:00:00,Commercial,E-Scooter,3.64,55.7,19.0,Foggy,Low,Yes,No,Low
423,2024-01-18 14:00:00,University Zone,Bicycle,5.72,43.1,28.5,Clear,Medium,Yes,No,Low
424,2024-01-18 15:00:00,Commercial,Bicycle,8.2,59.7,22.9,Rainy,Medium,No,No,Low
425,2024-01-18 16:00:00,Tourist Area,Bicycle,4.47,59.4,28.8,Rainy,High,Yes,Yes,Medium
426,2024-01-18 17:00:00,IT Hub,E-Scooter,2.54,41.3,16.0,Clear,High,No,No,Low
427,2024-01-18 18:00:00,IT Hub,E-Bike,0.71,37.1,27.1,Hot,High,No,No,High
428,2024-01-18 19:00:00,Tourist Area,E-Scooter,6.94,58.1,16.0,Rainy,Low,Yes,Yes,High
429,2024-01-18 20:00:00,University Zone,Bicycle,6.68,20.4,23.3,Foggy,Low,Yes,No,Medium
430,2024-01-18 21:00:00,Residential,Bicycle,2.02,36.3,18.4,Clear,High,Yes,No,High
431,2024-01-18 22:00:00,Residential,E-Bike,6.53,53.5,25.8,Hot,Low,Yes,No,Low
432,2024-01-18 23:00:00,IT Hub,Bicycle,5.6,38.6,28.8,Clear,Medium,Yes,No,Low
433,2024-01-19 00:00:00,University Zone,Bicycle,1.92,17.2,8.1,Foggy,Medium,Yes,No,Low
434,2024-01-19 01:00:00,IT Hub,E-Bike,2.49,36.9,18.7,Rainy,Low,Yes,No,Low
435,2024-01-19 02:00:00,IT Hub,E-Bike,4.98,6.8,8.3,Rainy,Low,Yes,No,High
436,2024-01-19 03:00:00,Commercial,E-Scooter,6.19,46.7,9.6,Clear,Low,No,No,Low
437,2024-01-19 04:00:00,Residential,Bicycle,7.16,47.7,23.3,Foggy,Medium,Yes,Yes,Medium
438,2024-01-19 05:00:00,University Zone,E-Bike,1.52,24.9,27.3,Hot,Medium,Yes,Yes,Low
439,2024-01-19 06:00:00,IT Hub,E-Scooter,3.35,56.9,13.3,Clear,Medium,No,No,Low
440,2024-01-19 07:00:00,University Zone,E-Bike,9.72,16.0,18.7,Hot,Medium,Yes,No,Medium
441,2024-01-19 08:00:00,University Zone,E-Bike,8.79,33.2,11.2,Hot,High,No,No,Low
442,2024-01-19 09:00:00,University Zone,Bicycle,9.5,8.2,21.7,Hot,High,Yes,No,Low
443,2024-01-19 10:00:00,Residential,Bicycle,3.83,59.4,9.3,Hot,High,No,No,Medium
444,2024-01-19 11:00:00,Tourist Area,E-Scooter,6.36,44.4,25.3,Clear,High,Yes,No,Low
445,2024-01-19 12:00:00,Residential,Bicycle,8.85,35.2,25.4,Clear,Low,No,No,Low
446,2024-01-19 13:00:00,University Zone,Bicycle,1.76,15.8,27.2,Clear,Medium,Yes,No,Medium
447,2024-01-19 14:00:00,Residential,E-Bike,1.03,51.7,24.8,Rainy,Medium,No,No,Low
448,2024-01-19 15:00:00,Commercial,E-Scooter,6.32,37.1,24.5,Clear,High,No,No,Low
449,2024-01-19 16:00:00,Residential,E-Bike,5.8,52.6,21.9,Foggy,High,No,No,High
450,2024-01-19 17:00:00,University Zone,Bicycle,7.7,46.9,22.7,Hot,Low,Yes,No,Low
451,2024-01-19 18:00:00,Residential,E-Bike,2.11,49.3,13.3,Clear,High,No,No,Medium
452,2024-01-19 19:00:00,Commercial,E-Bike,8.07,13.0,13.3,Hot,High,Yes,No,Low
453,2024-01-19 20:00:00,Commercial,E-Scooter,8.33,48.7,10.8,Hot,Low,Yes,No,High
454,2024-01-19 21:00:00,Residential,E-Scooter,2.37,18.6,16.5,Rainy,High,Yes,No,Low
455,2024-01-19 22:00:00,University Zone,Bicycle,4.07,22.0,15.7,Hot,Medium,Yes,No,Low
456,2024-01-19 23:00:00,University Zone,E-Bike,4.4,48.9,11.8,Clear,Medium,Yes,No,Low
457,2024-01-20 00:00:00,IT Hub,E-Scooter,2.17,52.2,20.4,Rainy,High,No,No,Low
458,2024-01-20 01:00:00,University Zone,Bicycle,3.24,43.8,18.1,Foggy,Medium,Yes,No,High
459,2024-01-20 02:00:00,Tourist Area,E-Scooter,2.24,11.7,11.0,Rainy,High,Yes,Yes,Medium
460,2024-01-20 03:00:00,University Zone,E-Scooter,7.87,22.2,17.0,Rainy,Low,Yes,No,Low
461,2024-01-20 04:00:00,Tourist Area,E-Scooter,5.07,38.4,28.4,Rainy,Medium,Yes,No,Low
462,2024-01-20 05:00:00,Tourist Area,Bicycle,7.32,21.3,18.6,Rainy,Medium,Yes,No,Low
463,2024-01-20 06:00:00,IT Hub,E-Scooter,8.67,23.7,14.9,Clear,High,Yes,No,Medium
464,2024-01-20 07:00:00,IT Hub,E-Scooter,9.03,59.7,26.0,Foggy,Low,No,No,Low
465,2024-01-20 08:00:00,University Zone,E-Scooter,0.8,54.2,19.4,Foggy,Medium,Yes,No,High
466,2024-01-20 09:00:00,University Zone,E-Bike,5.79,44.3,22.8,Rainy,Medium,Yes,No,High
467,2024-01-20 10:00:00,Tourist Area,E-Scooter,9.61,22.1,9.2,Clear,Medium,No,No,Low
468,2024-01-20 11:00:00,IT Hub,E-Bike,8.47,38.0,22.1,Clear,High,No,No,Low
469,2024-01-20 12:00:00,IT Hub,E-Bike,8.78,14.3,11.9,Foggy,Medium,No,No,Low
470,2024-01-20 13:00:00,University Zone,E-Bike,3.97,48.5,10.7,Foggy,High,No,No,Low
471,2024-01-20 14:00:00,Commercial,Bicycle,7.23,5.8,22.4,Rainy,Low,Yes,No,Medium
472,2024-01-20 15:00:00,Commercial,Bicycle,5.07,35.0,9.5,Clear,Low,No,No,Low
473,2024-01-20 16:00:00,Commercial,E-Bike,6.19,58.1,17.2,Clear,High,No,No,High
474,2024-01-20 17:00:00,IT Hub,Bicycle,7.11,32.6,27.6,Foggy,Low,Yes,No,High
475,2024-01-20 18:00:00,Commercial,E-Bike,6.4,21.7,22.2,Rainy,High,No,No,High
476,2024-01-20 19:00:00,Commercial,E-Scooter,7.09,36.1,16.6,Hot,High,No,Yes,Low
477,2024-01-20 20:00:00,University Zone,E-Scooter,5.87,42.3,10.7,Hot,Low,No,No,High
478,2024-01-20 21:00:00,University Zone,E-Bike,4.82,22.1,26.2,Rainy,High,Yes,No,Medium
479,2024-01-20 22:00:00,Residential,Bicycle,3.24,6.2,19.9,Hot,Medium,No,No,Low
480,2024-01-20 23:00:00,Commercial,E-Scooter,6.66,52.0,15.1,Clear,High,No,No,Low
481,2024-01-21 00:00:00,Tourist Area,E-Bike,3.95,37.3,23.6,Hot,High,Yes,No,Medium
482,2024-01-21 01:00:00,Commercial,E-Bike,8.2,24.8,26.9,Hot,High,No,No,Low
483,2024-01-21 02:00:00,Commercial,E-Bike,7.39,40.0,11.0,Hot,Low,Yes,No,Medium
484,2024-01-21 03:00:00,Commercial,E-Bike,3.79,51.3,26.7,Foggy,Low,Yes,No,Low
485,2024-01-21 04:00:00,Commercial,Bicycle,5.41,16.5,26.4,Foggy,Low,No,No,Medium
486,2024-01-21 05:00:00,University Zone,E-Scooter,2.73,31.5,20.8,Rainy,Medium,Yes,No,Low
487,2024-01-21 06:00:00,University Zone,Bicycle,9.28,41.4,29.4,Hot,Low,Yes,No,Low
488,2024-01-21 07:00:00,Commercial,E-Bike,3.33,31.0,27.6,Hot,Medium,Yes,No,Medium
489,2024-01-21 08:00:00,Residential,Bicycle,9.25,32.2,24.6,Foggy,Low,Yes,No,Low
490,2024-01-21 09:00:00,Residential,Bicycle,1.06,16.1,14.3,Foggy,Low,Yes,No,High
491,2024-01-21 10:00:00,Commercial,E-Scooter,2.22,26.0,29.9,Hot,High,Yes,No,Low
492,2024-01-21 11:00:00,Tourist Area,E-Scooter,6.51,8.1,27.6,Clear,High,No,No,Low
493,2024-01-21 12:00:00,University Zone,E-Scooter,5.63,19.6,10.1,Hot,Low,Yes,No,Medium
494,2024-01-21 13:00:00,IT Hub,E-Bike,8.63,25.1,22.7,Foggy,Low,Yes,No,Low
495,2024-01-21 14:00:00,Tourist Area,E-Scooter,8.12,57.8,23.6,Foggy,High,No,No,Medium
496,2024-01-21 15:00:00,University Zone,Bicycle,1.27,55.4,15.1,Rainy,High,No,No,Medium
497,2024-01-21 16:00:00,IT Hub,Bicycle,3.22,49.1,22.8,Clear,Low,Yes,No,Medium
498,2024-01-21 17:00:00,Residential,E-Bike,5.85,5.2,17.9,Rainy,Medium,Yes,No,Low
499,2024-01-21 18:00:00,Residential,E-Bike,2.59,40.1,13.9,Hot,Low,Yes,No,Low
500,2024-01-21 19:00:00,University Zone,E-Scooter,8.28,54.9,23.3,Foggy,High,No,No,High
501,2024-01-21 20:00:00,University Zone,E-Bike,8.05,42.2,27.9,Clear,Medium,Yes,No,Low
502,2024-01-21 21:00:00,IT Hub,E-Bike,3.65,42.5,9.4,Clear,High,No,No,Medium
503,2024-01-21 22:00:00,Residential,E-Scooter,9.28,20.8,15.2,Foggy,Low,No,No,Medium
504,2024-01-21 23:00:00,Tourist Area,E-Bike,6.92,19.9,26.4,Foggy,High,Yes,No,Low
505,2024-01-22 00:00:00,Residential,E-Scooter,3.15,54.0,13.9,Rainy,Low,Yes,No,Low
506,2024-01-22 01:00:00,IT Hub,E-Scooter,6.69,12.6,27.7,Foggy,Low,Yes,No,Low
507,2024-01-22 02:00:00,Residential,Bicycle,4.53,11.5,18.8,Clear,Low,No,Yes,High
508,2024-01-22 03:00:00,Tourist Area,Bicycle,0.59,37.3,12.7,Clear,High,Yes,No,Low
509,2024-01-22 04:00:00,Residential,E-Scooter,6.2,41.4,19.0,Foggy,High,Yes,No,Medium
510,2024-01-22 05:00:00,Tourist Area,E-Bike,1.58,43.3,15.7,Hot,Medium,Yes,No,Low
511,2024-01-22 06:00:00,Commercial,Bicycle,2.61,43.0,12.0,Clear,Low,No,No,High
512,2024-01-22 07:00:00,Tourist Area,E-Scooter,7.55,27.6,10.0,Hot,High,Yes,No,Low
513,2024-01-22 08:00:00,Tourist Area,Bicycle,7.28,16.6,19.7,Rainy,Low,No,No,Medium
514,2024-01-22 09:00:00,University Zone,Bicycle,0.62,9.7,27.8,Rainy,High,Yes,No,Medium
515,2024-01-22 10:00:00,Residential,Bicycle,4.2,7.3,13.5,Rainy,Low,Yes,No,Low
516,2024-01-22 11:00:00,Residential,E-Scooter,4.48,54.6,30.0,Foggy,Low,Yes,No,High
517,2024-01-22 12:00:00,University Zone,E-Bike,3.88,45.7,8.2,Clear,High,Yes,No,Medium
518,2024-01-22 13:00:00,Residential,Bicycle,6.17,53.1,8.3,Hot,Low,No,No,Medium
519,2024-01-22 14:00:00,Commercial,Bicycle,4.13,34.7,19.3,Foggy,Medium,Yes,No,Low
520,2024-01-22 15:00:00,IT Hub,Bicycle,0.77,27.2,27.6,Clear,High,No,No,Low
521,2024-01-22 16:00:00,Residential,E-Scooter,8.09,14.9,12.4,Foggy,High,Yes,No,High
522,2024-01-22 17:00:00,Tourist Area,Bicycle,5.64,40.7,17.1,Clear,High,No,No,High
523,2024-01-22 18:00:00,Commercial,E-Scooter,1.01,8.7,22.2,Rainy,Low,Yes,No,Medium
524,2024-01-22 19:00:00,Tourist Area,E-Bike,4.26,20.7,11.6,Rainy,High,Yes,No,High
525,2024-01-22 20:00:00,Tourist Area,E-Bike,8.7,46.7,11.1,Foggy,High,No,No,Medium
526,2024-01-22 21:00:00,Commercial,E-Bike,5.5,50.9,11.2,Hot,Medium,Yes,No,Low
527,2024-01-22 22:00:00,Commercial,Bicycle,7.33,34.6,17.2,Clear,Medium,No,No,Low
528,2024-01-22 23:00:00,Residential,E-Scooter,6.14,22.5,8.4,Hot,Low,No,No,Low
529,2024-01-23 00:00:00,IT Hub,E-Bike,5.74,24.5,21.0,Foggy,High,Yes,Yes,Medium
530,2024-01-23 01:00:00,Tourist Area,Bicycle,7.77,42.1,24.6,Foggy,High,Yes,No,Low
531,2024-01-23 02:00:00,Tourist Area,E-Bike,6.77,24.0,11.5,Clear,High,No,No,Low
532,2024-01-23 03:00:00,Commercial,Bicycle,1.84,38.3,11.5,Rainy,High,No,Yes,Medium
533,2024-01-23 04:00:00,IT Hub,Bicycle,9.39,23.4,8.3,Clear,High,No,No,Low
534,2024-01-23 05:00:00,Tourist Area,Bicycle,8.1,7.8,23.2,Foggy,Medium,No,Yes,Low
535,2024-01-23 06:00:00,Commercial,E-Bike,8.28,45.6,16.9,Hot,High,Yes,No,Low
536,2024-01-23 07:00:00,Residential,E-Scooter,6.84,15.7,24.3,Foggy,Low,Yes,No,Low
537,2024-01-23 08:00:00,Residential,Bicycle,6.86,57.8,20.5,Rainy,High,Yes,No,Low
538,2024-01-23 09:00:00,University Zone,Bicycle,1.46,13.7,8.2,Hot,High,Yes,Yes,Medium
539,2024-01-23 10:00:00,University Zone,E-Bike,4.92,39.5,24.9,Foggy,Low,Yes,No,Medium
540,2024-01-23 11:00:00,Residential,E-Scooter,8.74,10.2,21.2,Rainy,Low,No,No,Low
541,2024-01-23 12:00:00,Commercial,E-Bike,4.12,46.2,15.5,Rainy,High,No,No,Low
542,2024-01-23 13:00:00,Commercial,Bicycle,4.42,41.8,20.4,Hot,Low,No,No,Medium
543,2024-01-23 14:00:00,University Zone,Bicycle,2.08,41.3,29.6,Clear,Low,Yes,Yes,Low
544,2024-01-23 15:00:00,IT Hub,E-Bike,1.56,26.5,28.3,Hot,Low,No,No,Medium
545,2024-01-23 16:00:00,Residential,E-Bike,4.0,6.5,9.1,Rainy,Low,No,No,Medium
546,2024-01-23 17:00:00,IT Hub,E-Bike,8.89,17.8,13.4,Foggy,Medium,No,No,Low
547,2024-01-23 18:00:00,University Zone,E-Scooter,2.05,35.4,14.5,Foggy,High,Yes,No,Low
548,2024-01-23 19:00:00,IT Hub,Bicycle,6.35,50.2,25.5,Clear,Low,Yes,No,Medium
549,2024-01-23 20:00:00,Commercial,E-Bike,1.28,48.2,29.3,Foggy,High,Yes,No,Medium
550,2024-01-23 21:00:00,Tourist Area,E-Scooter,2.36,36.7,25.7,Clear,Medium,No,No,High
551,2024-01-23 22:00:00,Tourist Area,Bicycle,6.89,42.2,28.0,Rainy,Low,Yes,No,High
552,2024-01-23 23:00:00,IT Hub,E-Bike,6.75,34.5,12.8,Hot,High,Yes,No,Low
553,2024-01-24 00:00:00,Tourist Area,E-Bike,9.11,42.8,27.9,Clear,High,No,No,Low
554,2024-01-24 01:00:00,IT Hub,Bicycle,1.94,20.5,14.8,Hot,Low,Yes,Yes,Low
555,2024-01-24 02:00:00,Residential,Bicycle,7.11,16.2,11.1,Clear,Medium,Yes,No,Low
556,2024-01-24 03:00:00,University Zone,E-Bike,9.19,29.3,9.3,Rainy,Medium,No,No,Low
557,2024-01-24 04:00:00,IT Hub,Bicycle,6.43,22.3,12.7,Clear,Medium,No,No,Medium
558,2024-01-24 05:00:00,Commercial,E-Scooter,6.15,16.8,9.6,Hot,High,Yes,No,Low
559,2024-01-24 06:00:00,University Zone,E-Bike,1.95,59.1,25.1,Rainy,Medium,No,No,Low
560,2024-01-24 07:00:00,Commercial,Bicycle,2.57,50.6,29.9,Clear,Low,No,No,Low
561,2024-01-24 08:00:00,Tourist Area,E-Bike,5.93,50.4,17.5,Rainy,Medium,Yes,No,Low
562,2024-01-24 09:00:00,Residential,E-Scooter,1.04,44.9,15.2,Foggy,Low,No,No,Low
563,2024-01-24 10:00:00,Tourist Area,E-Bike,9.09,20.4,24.7,Rainy,High,No,Yes,Low
564,2024-01-24 11:00:00,Residential,E-Scooter,4.46,22.5,19.4,Foggy,High,No,No,Low
565,2024-01-24 12:00:00,IT Hub,E-Scooter,6.78,40.9,19.9,Rainy,High,No,No,Medium
566,2024-01-24 13:00:00,University Zone,E-Scooter,4.85,40.9,29.6,Hot,High,Yes,No,Medium
567,2024-01-24 14:00:00,Commercial,E-Scooter,7.99,8.4,8.1,Foggy,High,Yes,No,High
568,2024-01-24 15:00:00,IT Hub,E-Scooter,6.38,48.3,16.1,Clear,Medium,Yes,Yes,Low
569,2024-01-24 16:00:00,Commercial,E-Bike,6.21,58.8,28.9,Hot,Medium,Yes,No,Low
570,2024-01-24 17:00:00,Residential,E-Bike,3.08,14.3,19.1,Hot,Medium,Yes,No,Low
571,2024-01-24 18:00:00,Commercial,Bicycle,7.62,11.0,15.7,Clear,High,No,No,Medium
572,2024-01-24 19:00:00,Tourist Area,E-Scooter,3.36,14.8,12.3,Rainy,High,Yes,No,Low
573,2024-01-24 20:00:00,Commercial,Bicycle,9.32,6.2,11.7,Foggy,Medium,Yes,No,High
574,2024-01-24 21:00:00,Residential,E-Scooter,6.25,51.3,20.7,Clear,Low,Yes,No,Low
575,2024-01-24 22:00:00,Commercial,E-Scooter,8.64,5.4,18.7,Hot,Medium,Yes,No,High
576,2024-01-24 23:00:00,University Zone,Bicycle,6.47,29.4,9.9,Foggy,High,Yes,Yes,Low
577,2024-01-25 00:00:00,Residential,E-Bike,6.98,56.1,25.8,Rainy,Medium,Yes,No,Medium
578,2024-01-25 01:00:00,University Zone,Bicycle,0.54,11.7,11.4,Rainy,Low,No,No,Low
579,2024-01-25 02:00:00,IT Hub,Bicycle,9.21,23.4,23.6,Hot,Low,No,No,Medium
580,2024-01-25 03:00:00,University Zone,E-Scooter,8.61,33.6,25.2,Hot,Low,No,Yes,Low
581,2024-01-25 04:00:00,IT Hub,E-Bike,9.31,14.3,26.1,Rainy,Low,No,No,High
582,2024-01-25 05:00:00,Residential,E-Bike,1.44,57.1,20.3,Foggy,Medium,Yes,No,Low
583,2024-01-25 06:00:00,Commercial,E-Scooter,1.69,39.0,14.9,Foggy,High,Yes,No,Medium
584,2024-01-25 07:00:00,Residential,Bicycle,4.08,49.8,19.8,Rainy,High,No,No,Low
585,2024-01-25 08:00:00,Tourist Area,Bicycle,1.76,59.3,13.7,Rainy,High,No,Yes,Low
586,2024-01-25 09:00:00,Residential,Bicycle,5.07,52.2,29.2,Clear,High,No,No,High
587,2024-01-25 10:00:00,Residential,Bicycle,9.74,24.9,16.3,Foggy,High,No,No,Low
588,2024-01-25 11:00:00,Tourist Area,E-Bike,6.43,43.3,11.7,Foggy,Medium,Yes,No,Medium
589,2024-01-25 12:00:00,Tourist Area,E-Bike,9.67,33.9,14.2,Foggy,Medium,Yes,Yes,Low
590,2024-01-25 13:00:00,Residential,E-Bike,4.37,54.1,9.8,Foggy,Medium,Yes,No,Low
591,2024-01-25 14:00:00,Tourist Area,E-Bike,3.4,13.5,28.5,Hot,High,Yes,No,Low
592,2024-01-25 15:00:00,Residential,E-Bike,2.15,33.8,17.1,Hot,High,No,No,Medium
593,2024-01-25 16:00:00,Residential,E-Bike,5.16,51.4,10.5,Rainy,Medium,No,No,Low
594,2024-01-25 17:00:00,Tourist Area,Bicycle,0.58,37.4,21.6,Clear,Medium,No,No,Low
595,2024-01-25 18:00:00,IT Hub,E-Scooter,2.85,47.4,9.8,Rainy,Low,Yes,No,Low
596,2024-01-25 19:00:00,Tourist Area,Bicycle,7.45,59.1,27.3,Clear,High,No,No,High
597,2024-01-25 20:00:00,Commercial,Bicycle,7.23,38.8,25.3,Rainy,Low,Yes,No,Low
598,2024-01-25 21:00:00,IT Hub,E-Bike,4.75,55.9,20.9,Hot,Medium,Yes,No,Low
599,2024-01-25 22:00:00,Commercial,E-Bike,0.75,56.4,29.7,Rainy,Low,No,No,Low
600,2024-01-25 23:00:00,Tourist Area,E-Scooter,8.08,49.2,21.9,Rainy,Low,No,No,Low
601,2024-01-26 00:00:00,Tourist Area,E-Bike,7.69,28.2,12.8,Hot,Low,Yes,No,Medium
602,2024-01-26 01:00:00,Residential,Bicycle,3.88,11.6,24.1,Rainy,High,Yes,No,Low
603,2024-01-26 02:00:00,Commercial,E-Scooter,7.76,7.7,10.5,Rainy,Medium,Yes,No,High
604,2024-01-26 03:00:00,Tourist Area,E-Bike,9.35,28.0,29.8,Foggy,High,Yes,No,High
605,2024-01-26 04:00:00,Tourist Area,E-Bike,9.4,59.8,18.7,Foggy,Low,No,No,Medium
606,2024-01-26 05:00:00,Tourist Area,E-Scooter,7.58,25.9,14.1,Rainy,Medium,Yes,No,Medium
607,2024-01-26 06:00:00,Commercial,Bicycle,6.94,12.7,20.4,Clear,High,Yes,No,Low
608,2024-01-26 07:00:00,Tourist Area,E-Bike,5.71,9.2,14.9,Foggy,Medium,Yes,No,Low
609,2024-01-26 08:00:00,University Zone,E-Scooter,1.32,16.2,16.6,Clear,Medium,No,No,Medium
610,2024-01-26 09:00:00,University Zone,Bicycle,1.98,30.3,23.8,Rainy,Low,No,No,Low
611,2024-01-26 10:00:00,Tourist Area,E-Bike,3.87,19.9,14.4,Clear,Medium,No,No,Medium
612,2024-01-26 11:00:00,IT Hub,Bicycle,6.1,29.7,26.1,Hot,Medium,No,No,High
613,2024-01-26 12:00:00,Commercial,E-Scooter,5.72,34.0,14.6,Rainy,Low,Yes,No,Medium
614,2024-01-26 13:00:00,Residential,Bicycle,7.56,14.2,10.5,Hot,Medium,No,No,High
615,2024-01-26 14:00:00,IT Hub,Bicycle,3.59,31.7,20.0,Clear,Low,No,Yes,Medium
616,2024-01-26 15:00:00,University Zone,E-Scooter,3.77,32.2,28.2,Foggy,Medium,No,No,Low
617,2024-01-26 16:00:00,Commercial,E-Scooter,6.81,48.6,12.9,Clear,Low,No,No,Medium
618,2024-01-26 17:00:00,Residential,Bicycle,1.84,45.8,8.8,Foggy,High,No,No,Medium
619,2024-01-26 18:00:00,University Zone,E-Bike,5.53,47.8,20.0,Rainy,Low,Yes,No,Medium
620,2024-01-26 19:00:00,Tourist Area,E-Scooter,4.5,39.3,17.3,Hot,High,No,No,Medium
621,2024-01-26 20:00:00,Tourist Area,Bicycle,3.83,13.4,12.1,Rainy,High,Yes,No,Medium
622,2024-01-26 21:00:00,Residential,E-Scooter,5.42,34.6,9.8,Clear,High,Yes,No,Low
623,2024-01-26 22:00:00,Commercial,E-Bike,3.13,31.4,20.2,Clear,High,No,No,Medium
624,2024-01-26 23:00:00,Residential,E-Scooter,3.54,46.2,18.1,Clear,Medium,Yes,No,Low
625,2024-01-27 00:00:00,Residential,Bicycle,0.55,50.9,13.1,Foggy,High,Yes,No,High
626,2024-01-27 01:00:00,IT Hub,E-Scooter,3.84,30.9,15.2,Clear,Medium,Yes,No,Medium
627,2024-01-27 02:00:00,Tourist Area,E-Bike,0.52,38.3,8.3,Hot,High,No,No,Low
628,2024-01-27 03:00:00,Tourist Area,E-Bike,2.9,14.0,10.8,Rainy,High,Yes,Yes,Low
629,2024-01-27 04:00:00,University Zone,E-Bike,4.91,44.5,20.4,Clear,Medium,Yes,No,High
630,2024-01-27 05:00:00,IT Hub,Bicycle,3.84,39.5,18.1,Foggy,Low,No,No,High
631,2024-01-27 06:00:00,Tourist Area,Bicycle,5.51,52.6,17.8,Rainy,Low,No,No,Medium
632,2024-01-27 07:00:00,IT Hub,Bicycle,8.04,22.2,11.7,Hot,Medium,No,No,Low
633,2024-01-27 08:00:00,Commercial,Bicycle,9.33,22.0,13.7,Rainy,High,Yes,No,Medium
634,2024-01-27 09:00:00,IT Hub,E-Scooter,3.68,26.9,23.8,Foggy,High,No,Yes,Low
635,2024-01-27 10:00:00,Tourist Area,E-Scooter,7.52,56.6,13.2,Foggy,Medium,Yes,No,Low
636,2024-01-27 11:00:00,Residential,E-Scooter,6.91,57.0,9.5,Foggy,Medium,No,No,Low
637,2024-01-27 12:00:00,Commercial,Bicycle,3.38,48.4,9.9,Foggy,Low,Yes,No,Low
638,2024-01-27 13:00:00,Commercial,Bicycle,6.41,5.6,23.9,Hot,High,No,No,Low
639,2024-01-27 14:00:00,Tourist Area,E-Bike,1.79,16.3,23.7,Clear,Medium,No,No,Low
640,2024-01-27 15:00:00,IT Hub,Bicycle,8.89,38.0,25.5,Clear,Low,Yes,No,High
641,2024-01-27 16:00:00,Residential,Bicycle,9.25,13.3,17.8,Clear,Medium,Yes,No,Low
642,2024-01-27 17:00:00,Tourist Area,E-Bike,6.75,46.6,29.7,Rainy,Medium,Yes,No,High
643,2024-01-27 18:00:00,Commercial,E-Bike,2.53,37.0,24.0,Hot,Low,Yes,No,Low
644,2024-01-27 19:00:00,Commercial,E-Bike,6.3,45.6,14.2,Foggy,High,Yes,No,Low
645,2024-01-27 20:00:00,Commercial,Bicycle,8.01,47.3,29.9,Rainy,Low,Yes,No,Low
646,2024-01-27 21:00:00,Commercial,E-Scooter,3.85,49.8,26.8,Rainy,High,No,Yes,Medium
647,2024-01-27 22:00:00,Commercial,E-Bike,5.3,49.4,16.1,Hot,Medium,No,No,Low
648,2024-01-27 23:00:00,IT Hub,Bicycle,7.13,20.2,11.9,Rainy,High,Yes,No,Medium
649,2024-01-28 00:00:00,Residential,E-Bike,8.06,20.1,9.4,Clear,Low,Yes,No,Low
650,2024-01-28 01:00:00,IT Hub,E-Bike,4.67,29.6,17.0,Rainy,Medium,Yes,No,Medium
651,2024-01-28 02:00:00,Residential,E-Bike,9.18,11.7,28.7,Hot,High,No,No,Low
652,2024-01-28 03:00:00,IT Hub,E-Bike,9.52,22.6,10.2,Rainy,High,Yes,No,Medium
653,2024-01-28 04:00:00,Tourist Area,E-Bike,7.31,44.6,27.9,Rainy,Low,Yes,No,Low
654,2024-01-28 05:00:00,Commercial,E-Bike,1.43,19.5,14.4,Hot,Low,Yes,No,Medium
655,2024-01-28 06:00:00,Tourist Area,E-Scooter,5.95,29.2,8.6,Hot,High,Yes,No,Medium
656,2024-01-28 07:00:00,Residential,E-Scooter,1.39,55.8,22.1,Rainy,Medium,Yes,No,Medium
657,2024-01-28 08:00:00,Residential,Bicycle,4.13,51.6,22.8,Rainy,High,Yes,No,Medium
658,2024-01-28 09:00:00,University Zone,E-Scooter,8.01,26.5,27.8,Hot,Low,Yes,No,Medium
659,2024-01-28 10:00:00,Commercial,Bicycle,7.33,15.4,13.9,Hot,Medium,Yes,No,Low
660,2024-01-28 11:00:00,Commercial,E-Bike,5.81,8.0,25.5,Foggy,High,Yes,No,Low
661,2024-01-28 12:00:00,Residential,Bicycle,8.95,56.3,15.0,Hot,Low,Yes,Yes,High
662,2024-01-28 13:00:00,University Zone,Bicycle,9.57,26.7,16.2,Clear,High,No,No,Medium
663,2024-01-28 14:00:00,Commercial,E-Scooter,9.36,57.6,19.4,Clear,Medium,Yes,No,Medium
664,2024-01-28 15:00:00,Commercial,Bicycle,9.92,51.2,24.8,Rainy,Low,No,No,High
665,2024-01-28 16:00:00,Tourist Area,E-Bike,4.09,42.3,21.0,Hot,Low,Yes,No,Low
666,2024-01-28 17:00:00,IT Hub,E-Scooter,4.6,23.1,22.2,Rainy,High,Yes,No,High
667,2024-01-28 18:00:00,University Zone,E-Bike,6.65,39.7,17.1,Rainy,Low,No,No,Low
668,2024-01-28 19:00:00,Residential,E-Bike,3.4,24.3,21.9,Clear,Medium,Yes,No,Medium
669,2024-01-28 20:00:00,IT Hub,Bicycle,9.43,58.4,20.2,Hot,Low,Yes,No,High
670,2024-01-28 21:00:00,Tourist Area,E-Scooter,2.24,43.9,25.8,Rainy,Medium,No,No,Low
671,2024-01-28 22:00:00,Residential,Bicycle,4.89,18.1,17.5,Clear,High,Yes,No,Low
672,2024-01-28 23:00:00,Residential,Bicycle,5.27,53.2,14.0,Rainy,Medium,Yes,No,Low
673,2024-01-29 00:00:00,Tourist Area,E-Scooter,1.49,38.7,29.8,Hot,Low,Yes,Yes,Medium
674,2024-01-29 01:00:00,Commercial,E-Bike,7.82,15.5,8.8,Hot,Medium,No,No,Low
675,2024-01-29 02:00:00,Commercial,Bicycle,8.23,36.2,23.4,Clear,Medium,Yes,No,Low
676,2024-01-29 03:00:00,IT Hub,Bicycle,6.78,46.9,17.8,Hot,Low,Yes,No,Low
677,2024-01-29 04:00:00,University Zone,E-Bike,2.39,41.7,10.5,Foggy,Low,Yes,No,Low
678,2024-01-29 05:00:00,Commercial,E-Bike,9.93,36.7,21.2,Hot,High,No,No,Low
679,2024-01-29 06:00:00,University Zone,Bicycle,1.29,17.1,25.5,Clear,High,Yes,No,Low
680,2024-01-29 07:00:00,Residential,E-Scooter,6.61,17.5,18.9,Foggy,Medium,No,No,Medium
681,2024-01-29 08:00:00,Tourist Area,Bicycle,3.74,42.5,21.2,Rainy,Low,No,No,Low
682,2024-01-29 09:00:00,IT Hub,Bicycle,2.16,14.0,24.4,Hot,Low,Yes,No,Low
683,2024-01-29 10:00:00,Commercial,E-Bike,3.17,38.4,8.3,Foggy,Low,No,No,Medium
684,2024-01-29 11:00:00,IT Hub,E-Scooter,2.35,49.4,26.4,Foggy,High,No,No,Medium
685,2024-01-29 12:00:00,University Zone,E-Bike,1.09,47.6,12.3,Hot,Medium,Yes,No,Low
686,2024-01-29 13:00:00,Tourist Area,Bicycle,8.53,19.7,15.6,Clear,High,Yes,No,Low
687,2024-01-29 14:00:00,University Zone,E-Bike,9.85,16.9,21.5,Clear,Medium,Yes,No,Medium
688,2024-01-29 15:00:00,IT Hub,E-Bike,8.33,9.0,8.8,Hot,Medium,No,No,Medium
689,2024-01-29 16:00:00,Residential,E-Scooter,2.87,23.8,17.7,Clear,High,Yes,No,Medium
690,2024-01-29 17:00:00,Residential,E-Bike,6.6,36.9,8.3,Hot,Medium,No,No,Low
691,2024-01-29 18:00:00,University Zone,E-Scooter,3.25,14.9,29.8,Foggy,High,Yes,No,High
692,2024-01-29 19:00:00,Tourist Area,E-Scooter,7.54,52.2,13.1,Hot,Medium,Yes,No,Low
693,2024-01-29 20:00:00,University Zone,E-Scooter,4.43,8.5,22.8,Hot,Low,Yes,No,Low
694,2024-01-29 21:00:00,Commercial,Bicycle,5.66,58.1,22.7,Clear,Medium,Yes,No,High
695,2024-01-29 22:00:00,Tourist Area,Bicycle,0.6,33.4,8.1,Rainy,Low,No,Yes,Medium
696,2024-01-29 23:00:00,Tourist Area,Bicycle,1.88,41.3,24.3,Foggy,Medium,Yes,No,Low
697,2024-01-30 00:00:00,University Zone,E-Scooter,5.45,58.9,14.0,Foggy,Low,No,No,Low
698,2024-01-30 01:00:00,Tourist Area,E-Bike,4.44,6.2,10.8,Foggy,High,Yes,No,High
699,2024-01-30 02:00:00,Residential,E-Scooter,2.87,27.8,21.4,Hot,Low,No,Yes,High
700,2024-01-30 03:00:00,IT Hub,E-Scooter,6.19,24.3,15.3,Rainy,Low,Yes,No,Low
701,2024-01-30 04:00:00,Residential,E-Bike,8.29,33.7,22.2,Hot,Medium,No,No,Low
702,2024-01-30 05:00:00,Tourist Area,Bicycle,9.39,37.3,10.7,Hot,High,No,No,Low
703,2024-01-30 06:00:00,IT Hub,Bicycle,7.03,5.3,18.5,Hot,Low,No,No,High
704,2024-01-30 07:00:00,Commercial,E-Scooter,3.57,22.3,13.0,Foggy,Low,Yes,No,High
705,2024-01-30 08:00:00,University Zone,E-Scooter,4.99,38.3,21.6,Foggy,Low,Yes,No,High
706,2024-01-30 09:00:00,Tourist Area,E-Bike,2.16,8.7,10.7,Clear,Low,No,No,High
707,2024-01-30 10:00:00,University Zone,Bicycle,3.08,44.4,28.3,Rainy,Medium,Yes,No,Low
708,2024-01-30 11:00:00,IT Hub,Bicycle,7.85,25.6,23.1,Hot,High,No,No,Low
709,2024-01-30 12:00:00,University Zone,Bicycle,9.69,15.5,24.0,Hot,Medium,Yes,No,High
710,2024-01-30 13:00:00,Tourist Area,E-Bike,7.18,30.4,14.4,Rainy,Medium,Yes,No,Low
711,2024-01-30 14:00:00,Tourist Area,E-Scooter,3.36,32.8,17.1,Clear,High,Yes,No,Low
712,2024-01-30 15:00:00,Residential,E-Bike,6.41,36.4,22.8,Clear,High,Yes,No,High
713,2024-01-30 16:00:00,University Zone,Bicycle,9.14,53.5,21.1,Foggy,Low,No,No,Medium
714,2024-01-30 17:00:00,University Zone,Bicycle,2.45,26.1,29.8,Foggy,High,No,No,Low
715,2024-01-30 18:00:00,Residential,E-Bike,9.84,10.0,18.4,Rainy,Low,Yes,No,Low
716,2024-01-30 19:00:00,Residential,E-Scooter,8.86,56.7,28.3,Rainy,Low,No,No,High
717,2024-01-30 20:00:00,University Zone,Bicycle,7.81,40.4,26.0,Hot,Low,No,No,Medium
718,2024-01-30 21:00:00,IT Hub,Bicycle,2.29,44.6,10.6,Rainy,Medium,No,No,Medium
719,2024-01-30 22:00:00,IT Hub,E-Bike,2.7,40.1,19.8,Clear,Low,No,No,Low
720,2024-01-30 23:00:00,Commercial,E-Bike,7.02,17.1,22.2,Clear,Medium,No,No,Medium
721,2024-01-31 00:00:00,Residential,E-Scooter,2.5,35.1,8.9,Clear,High,Yes,Yes,Low
722,2024-01-31 01:00:00,IT Hub,Bicycle,6.33,26.0,18.7,Foggy,Low,No,No,Medium
723,2024-01-31 02:00:00,Tourist Area,Bicycle,4.89,37.2,9.3,Hot,High,Yes,No,Medium
724,2024-01-31 03:00:00,Tourist Area,E-Bike,4.26,35.3,28.7,Hot,Low,Yes,No,Medium
725,2024-01-31 04:00:00,Residential,E-Bike,3.15,54.3,16.5,Foggy,Medium,No,No,Medium
726,2024-01-31 05:00:00,Tourist Area,E-Bike,3.21,25.5,26.5,Foggy,Low,No,No,Low
727,2024-01-31 06:00:00,Commercial,E-Bike,8.44,46.6,28.5,Foggy,Low,No,No,Low
728,2024-01-31 07:00:00,Tourist Area,E-Scooter,2.74,25.2,16.0,Rainy,Low,Yes,No,Low
729,2024-01-31 08:00:00,Commercial,E-Scooter,8.85,12.3,12.4,Hot,High,Yes,No,Low
730,2024-01-31 09:00:00,University Zone,Bicycle,3.98,41.7,20.4,Clear,Medium,Yes,No,Low
731,2024-01-31 10:00:00,Tourist Area,Bicycle,5.91,23.8,19.1,Clear,High,Yes,No,Low
732,2024-01-31 11:00:00,Tourist Area,E-Scooter,7.22,25.6,29.8,Rainy,Low,No,No,Medium
733,2024-01-31 12:00:00,IT Hub,E-Bike,1.95,10.5,21.8,Rainy,High,Yes,No,High
734,2024-01-31 13:00:00,University Zone,Bicycle,9.62,32.5,12.8,Rainy,Medium,Yes,No,Low
735,2024-01-31 14:00:00,Residential,E-Bike,7.8,47.9,26.8,Hot,High,Yes,No,High
736,2024-01-31 15:00:00,Residential,E-Bike,7.21,55.8,29.4,Rainy,Medium,No,No,Medium
737,2024-01-31 16:00:00,Commercial,Bicycle,9.25,16.1,27.9,Foggy,Low,Yes,No,Medium
738,2024-01-31 17:00:00,Tourist Area,E-Bike,2.3,37.1,26.4,Hot,High,No,Yes,Low
739,2024-01-31 18:00:00,Tourist Area,Bicycle,7.02,41.6,21.4,Foggy,Low,Yes,No,High
740,2024-01-31 19:00:00,Tourist Area,Bicycle,3.6,40.9,13.8,Hot,Low,No,Yes,Medium
741,2024-01-31 20:00:00,IT Hub,E-Bike,6.0,18.5,18.0,Rainy,Medium,No,No,Low
742,2024-01-31 21:00:00,Residential,Bicycle,8.88,58.7,15.4,Rainy,Medium,No,No,Low
743,2024-01-31 22:00:00,Tourist Area,Bicycle,9.85,56.7,8.1,Hot,Low,Yes,No,Low
744,2024-01-31 23:00:00,University Zone,Bicycle,5.05,9.6,16.3,Hot,High,No,Yes,Low
745,2024-02-01 00:00:00,Residential,Bicycle,4.59,50.1,18.3,Hot,Medium,Yes,No,Medium
746,2024-02-01 01:00:00,University Zone,Bicycle,1.4,58.9,19.7,Hot,Low,Yes,No,Medium
747,2024-02-01 02:00:00,University Zone,Bicycle,0.75,22.4,26.5,Hot,High,Yes,No,Low
748,2024-02-01 03:00:00,Commercial,E-Scooter,1.73,18.0,22.1,Hot,Medium,Yes,No,Medium
749,2024-02-01 04:00:00,Commercial,Bicycle,0.83,29.0,17.1,Clear,Medium,No,No,Low
750,2024-02-01 05:00:00,IT Hub,Bicycle,8.02,56.8,11.6,Clear,Medium,Yes,No,High
751,2024-02-01 06:00:00,IT Hub,E-Scooter,3.09,18.5,17.5,Clear,High,Yes,No,Medium
752,2024-02-01 07:00:00,IT Hub,Bicycle,8.22,35.6,10.3,Rainy,Low,Yes,No,Medium
753,2024-02-01 08:00:00,Commercial,Bicycle,6.79,46.0,18.7,Hot,High,Yes,No,Medium
754,2024-02-01 09:00:00,Tourist Area,E-Bike,9.92,37.7,21.3,Clear,Medium,No,No,Low
755,2024-02-01 10:00:00,Residential,E-Scooter,1.4,25.2,23.8,Foggy,Medium,Yes,No,High
756,2024-02-01 11:00:00,Residential,E-Bike,9.54,35.7,10.6,Rainy,Low,No,No,Low
757,2024-02-01 12:00:00,Commercial,E-Bike,8.26,42.1,15.9,Foggy,Low,No,No,High
758,2024-02-01 13:00:00,IT Hub,Bicycle,0.57,51.7,28.9,Foggy,Low,Yes,No,Medium
759,2024-02-01 14:00:00,IT Hub,Bicycle,5.32,40.3,9.0,Clear,High,Yes,Yes,Low
760,2024-02-01 15:00:00,Residential,Bicycle,1.27,5.1,9.3,Foggy,Low,No,No,High
761,2024-02-01 16:00:00,Tourist Area,Bicycle,1.9,58.6,25.0,Clear,High,Yes,No,Low
762,2024-02-01 17:00:00,Tourist Area,E-Scooter,4.56,43.8,29.3,Clear,Medium,Yes,No,Medium
763,2024-02-01 18:00:00,Tourist Area,E-Bike,2.21,57.9,29.1,Foggy,High,Yes,No,High
764,2024-02-01 19:00:00,University Zone,E-Bike,9.02,25.7,25.9,Foggy,Low,No,No,Low
765,2024-02-01 20:00:00,Commercial,Bicycle,1.45,14.1,23.4,Clear,High,Yes,No,Low
766,2024-02-01 21:00:00,Residential,Bicycle,6.08,35.7,24.7,Hot,Medium,No,No,Medium
767,2024-02-01 22:00:00,University Zone,E-Bike,2.0,54.9,13.3,Rainy,Low,Yes,No,Low
768,2024-02-01 23:00:00,IT Hub,Bicycle,6.18,38.7,22.7,Rainy,Medium,Yes,No,High
769,2024-02-02 00:00:00,Commercial,Bicycle,6.5,35.7,21.4,Rainy,High,Yes,No,Medium
770,2024-02-02 01:00:00,Commercial,E-Scooter,2.88,49.6,16.8,Hot,High,Yes,No,Medium
771,2024-02-02 02:00:00,Tourist Area,E-Bike,9.0,49.7,25.4,Clear,High,No,Yes,Low
772,2024-02-02 03:00:00,IT Hub,Bicycle,7.96,32.8,25.6,Hot,High,Yes,No,Low
773,2024-02-02 04:00:00,University Zone,E-Bike,5.17,12.6,21.2,Foggy,High,No,Yes,Low
774,2024-02-02 05:00:00,Residential,E-Scooter,8.41,20.0,21.0,Clear,Medium,Yes,Yes,Low
775,2024-02-02 06:00:00,Commercial,E-Bike,2.7,15.4,26.6,Hot,Low,Yes,No,Medium
776,2024-02-02 07:00:00,University Zone,Bicycle,6.4,50.0,20.9,Hot,Low,Yes,No,Low
777,2024-02-02 08:00:00,Tourist Area,Bicycle,1.39,46.9,9.2,Foggy,Low,No,No,Medium
778,2024-02-02 09:00:00,IT Hub,Bicycle,5.39,24.3,8.2,Rainy,High,Yes,No,High
779,2024-02-02 10:00:00,Commercial,E-Scooter,3.74,13.3,24.3,Rainy,Medium,Yes,No,Medium
780,2024-02-02 11:00:00,University Zone,E-Scooter,3.21,21.1,18.4,Hot,Medium,Yes,No,Low
781,2024-02-02 12:00:00,Commercial,E-Scooter,7.28,9.1,12.9,Clear,Low,Yes,No,Medium
782,2024-02-02 13:00:00,Commercial,Bicycle,5.58,57.6,22.8,Clear,Low,Yes,No,Low
783,2024-02-02 14:00:00,Commercial,Bicycle,2.13,52.2,9.7,Rainy,Medium,Yes,No,Low
784,2024-02-02 15:00:00,Residential,E-Scooter,8.17,5.1,16.0,Hot,Low,Yes,No,High
785,2024-02-02 16:00:00,Tourist Area,Bicycle,5.43,12.6,18.6,Clear,High,Yes,No,High
786,2024-02-02 17:00:00,University Zone,E-Scooter,7.27,22.7,20.8,Rainy,Medium,Yes,Yes,Medium
787,2024-02-02 18:00:00,IT Hub,E-Scooter,0.6,12.4,11.5,Rainy,Medium,Yes,No,Low
788,2024-02-02 19:00:00,University Zone,E-Scooter,7.28,52.2,26.1,Foggy,High,Yes,No,High
789,2024-02-02 20:00:00,Tourist Area,E-Bike,8.62,45.1,28.6,Hot,High,No,No,Low
790,2024-02-02 21:00:00,University Zone,E-Scooter,3.12,18.1,22.2,Foggy,High,Yes,No,Low
791,2024-02-02 22:00:00,Tourist Area,Bicycle,1.11,40.7,19.6,Rainy,Low,Yes,Yes,Low
792,2024-02-02 23:00:00,Commercial,Bicycle,2.49,14.6,27.3,Clear,High,No,No,Low
793,2024-02-03 00:00:00,University Zone,E-Bike,7.15,24.0,23.1,Hot,High,Yes,Yes,Low
794,2024-02-03 01:00:00,Residential,Bicycle,5.26,36.1,27.6,Hot,Medium,No,No,Low
795,2024-02-03 02:00:00,Residential,E-Bike,3.05,23.4,21.8,Rainy,Low,No,No,Low
796,2024-02-03 03:00:00,Commercial,Bicycle,8.0,5.0,11.2,Hot,Medium,Yes,No,Medium
797,2024-02-03 04:00:00,IT Hub,E-Scooter,3.5,30.0,11.0,Clear,Low,Yes,Yes,Low
798,2024-02-03 05:00:00,Commercial,E-Scooter,2.48,10.5,20.0,Foggy,Medium,No,No,High
799,2024-02-03 06:00:00,Tourist Area,Bicycle,1.38,10.9,27.1,Rainy,Low,Yes,Yes,Low
800,2024-02-03 07:00:00,University Zone,E-Scooter,9.77,37.4,11.8,Foggy,High,No,No,Medium
801,2024-02-03 08:00:00,Residential,Bicycle,6.06,57.6,20.8,Clear,Medium,No,No,Low
802,2024-02-03 09:00:00,Tourist Area,E-Bike,2.67,34.2,20.6,Hot,Low,Yes,No,Low
803,2024-02-03 10:00:00,Commercial,E-Scooter,5.19,13.1,16.7,Clear,Medium,Yes,No,Medium
804,2024-02-03 11:00:00,Residential,Bicycle,0.66,22.6,13.6,Foggy,Medium,No,No,Low
805,2024-02-03 12:00:00,Tourist Area,E-Bike,5.78,9.2,8.5,Foggy,High,Yes,No,Medium
806,2024-02-03 13:00:00,Commercial,E-Scooter,8.86,47.4,14.5,Foggy,Low,No,No,Medium
807,2024-02-03 14:00:00,Commercial,E-Scooter,7.31,29.3,19.0,Hot,Low,No,No,High
808,2024-02-03 15:00:00,IT Hub,Bicycle,9.78,30.9,11.3,Hot,Low,Yes,No,Low
809,2024-02-03 16:00:00,Residential,Bicycle,6.01,23.4,30.0,Hot,High,Yes,Yes,Medium
810,2024-02-03 17:00:00,Tourist Area,E-Scooter,0.89,25.4,22.9,Hot,High,No,No,High
811,2024-02-03 18:00:00,IT Hub,Bicycle,8.49,23.7,15.8,Hot,High,No,Yes,Medium
812,2024-02-03 19:00:00,University Zone,Bicycle,0.85,52.2,20.1,Foggy,Medium,Yes,Yes,Low
813,2024-02-03 20:00:00,IT Hub,E-Scooter,2.75,31.0,26.7,Rainy,Low,No,No,Low
814,2024-02-03 21:00:00,Commercial,E-Scooter,5.72,7.2,16.7,Clear,Medium,Yes,No,Medium
815,2024-02-03 22:00:00,University Zone,Bicycle,6.73,30.5,20.6,Rainy,Medium,Yes,No,Low
816,2024-02-03 23:00:00,Commercial,E-Bike,9.98,58.8,9.0,Rainy,Medium,No,No,High
817,2024-02-04 00:00:00,Tourist Area,E-Bike,8.22,58.4,18.5,Foggy,High,Yes,Yes,Low
818,2024-02-04 01:00:00,IT Hub,E-Scooter,1.78,52.5,19.1,Hot,Medium,No,No,High
819,2024-02-04 02:00:00,Tourist Area,Bicycle,6.82,47.4,11.0,Clear,Low,Yes,No,Low
820,2024-02-04 03:00:00,IT Hub,E-Scooter,1.36,36.2,20.6,Hot,Medium,Yes,No,High
821,2024-02-04 04:00:00,Tourist Area,E-Bike,6.24,46.3,14.9,Foggy,High,Yes,No,Low
822,2024-02-04 05:00:00,Commercial,E-Scooter,5.51,15.0,16.5,Foggy,Low,No,No,Low
823,2024-02-04 06:00:00,University Zone,Bicycle,2.46,54.4,17.1,Rainy,Medium,No,No,Low
824,2024-02-04 07:00:00,University Zone,E-Bike,9.14,37.9,10.8,Foggy,Medium,No,No,Medium
825,2024-02-04 08:00:00,University Zone,Bicycle,4.3,35.2,26.7,Clear,Low,No,No,Low
826,2024-02-04 09:00:00,Commercial,Bicycle,6.63,52.0,14.4,Rainy,Low,Yes,No,Low
827,2024-02-04 10:00:00,Tourist Area,Bicycle,8.31,25.0,22.9,Rainy,Medium,No,No,High
828,2024-02-04 11:00:00,Commercial,Bicycle,7.03,25.4,24.9,Foggy,Low,No,No,Low
829,2024-02-04 12:00:00,Tourist Area,E-Bike,5.64,16.8,16.0,Clear,Medium,No,No,Medium
830,2024-02-04 13:00:00,Tourist Area,E-Bike,9.53,30.0,9.7,Rainy,Medium,No,No,Medium
831,2024-02-04 14:00:00,Commercial,Bicycle,3.61,15.5,17.0,Foggy,Low,No,No,Medium
832,2024-02-04 15:00:00,Tourist Area,E-Scooter,1.78,20.6,22.4,Foggy,Low,Yes,No,Low
833,2024-02-04 16:00:00,University Zone,E-Scooter,8.31,49.9,12.1,Rainy,High,Yes,No,High
834,2024-02-04 17:00:00,Tourist Area,E-Scooter,5.8,56.2,21.4,Rainy,Low,Yes,No,Low
835,2024-02-04 18:00:00,Tourist Area,Bicycle,9.82,38.8,19.0,Hot,High,Yes,No,Medium
836,2024-02-04 19:00:00,Residential,E-Bike,5.73,41.6,24.4,Foggy,High,No,No,Low
837,2024-02-04 20:00:00,University Zone,E-Bike,7.01,15.3,21.9,Hot,Low,No,No,Medium
838,2024-02-04 21:00:00,University Zone,E-Scooter,1.89,39.6,26.8,Rainy,Medium,Yes,No,High
839,2024-02-04 22:00:00,IT Hub,E-Bike,1.89,38.9,18.8,Hot,High,Yes,No,Low
840,2024-02-04 23:00:00,Residential,E-Bike,4.57,50.2,9.4,Hot,Medium,Yes,No,Medium
841,2024-02-05 00:00:00,University Zone,E-Scooter,2.92,33.8,15.1,Foggy,Medium,No,No,Medium
842,2024-02-05 01:00:00,Residential,E-Bike,9.54,58.9,20.3,Foggy,High,Yes,Yes,Low
843,2024-02-05 02:00:00,University Zone,E-Bike,4.56,8.9,26.4,Rainy,High,Yes,No,Low
844,2024-02-05 03:00:00,IT Hub,Bicycle,9.33,47.1,20.2,Clear,Low,Yes,No,Low
845,2024-02-05 04:00:00,Commercial,Bicycle,1.73,50.8,21.3,Rainy,Medium,No,No,High
846,2024-02-05 05:00:00,Residential,E-Bike,9.94,32.8,15.7,Hot,High,Yes,No,High
847,2024-02-05 06:00:00,Residential,E-Scooter,3.34,50.1,16.5,Hot,Medium,No,No,Low
848,2024-02-05 07:00:00,IT Hub,E-Bike,6.42,24.2,18.0,Foggy,High,No,No,Low
849,2024-02-05 08:00:00,Tourist Area,E-Bike,6.05,58.1,26.4,Foggy,High,Yes,No,Low
850,2024-02-05 09:00:00,Commercial,E-Scooter,9.95,19.1,27.5,Foggy,Low,Yes,No,Low
851,2024-02-05 10:00:00,Residential,Bicycle,8.44,31.2,21.6,Hot,Medium,Yes,No,Low
852,2024-02-05 11:00:00,Commercial,E-Bike,2.39,51.9,21.2,Rainy,Medium,No,No,Low
853,2024-02-05 12:00:00,Tourist Area,Bicycle,5.79,7.6,22.6,Rainy,Medium,No,No,High
854,2024-02-05 13:00:00,Tourist Area,Bicycle,2.44,55.1,15.7,Hot,High,Yes,No,Medium
855,2024-02-05 14:00:00,IT Hub,Bicycle,4.91,30.0,20.5,Foggy,Medium,Yes,No,Low
856,2024-02-05 15:00:00,Tourist Area,E-Scooter,2.37,58.2,27.7,Foggy,Low,No,No,Low
857,2024-02-05 16:00:00,University Zone,E-Bike,6.07,27.9,26.2,Hot,High,Yes,No,Medium
858,2024-02-05 17:00:00,Tourist Area,E-Scooter,8.27,14.4,23.2,Rainy,Low,No,Yes,Medium
859,2024-02-05 18:00:00,Tourist Area,E-Bike,0.85,19.6,27.4,Clear,High,Yes,No,Low
860,2024-02-05 19:00:00,Residential,E-Scooter,8.28,39.0,16.2,Foggy,Medium,Yes,No,Medium
861,2024-02-05 20:00:00,IT Hub,Bicycle,1.99,8.1,27.5,Clear,Low,No,No,Medium
862,2024-02-05 21:00:00,University Zone,Bicycle,7.41,9.2,23.5,Rainy,Low,Yes,No,High
863,2024-02-05 22:00:00,Commercial,E-Scooter,9.33,24.0,21.0,Foggy,Low,Yes,No,High
864,2024-02-05 23:00:00,IT Hub,Bicycle,4.97,8.3,11.6,Clear,High,Yes,No,Low
865,2024-02-06 00:00:00,University Zone,E-Scooter,1.78,35.6,24.3,Foggy,High,Yes,No,Medium
866,2024-02-06 01:00:00,University Zone,E-Bike,6.44,36.7,13.3,Clear,Low,Yes,No,Medium
867,2024-02-06 02:00:00,Residential,E-Scooter,1.0,50.7,24.6,Rainy,Medium,Yes,No,Medium
868,2024-02-06 03:00:00,Residential,E-Bike,8.46,53.2,23.9,Rainy,High,No,No,Medium
869,2024-02-06 04:00:00,University Zone,E-Scooter,1.06,50.8,9.1,Clear,High,Yes,No,Low
870,2024-02-06 05:00:00,Commercial,E-Scooter,0.87,13.1,11.2,Clear,Low,Yes,No,Low
871,2024-02-06 06:00:00,Commercial,Bicycle,1.32,22.0,29.6,Foggy,High,No,No,Low
872,2024-02-06 07:00:00,Commercial,Bicycle,7.83,23.5,19.8,Foggy,High,Yes,No,Medium
873,2024-02-06 08:00:00,Tourist Area,E-Bike,9.06,26.4,18.0,Hot,Low,Yes,No,Low
874,2024-02-06 09:00:00,IT Hub,E-Scooter,8.48,44.2,9.8,Hot,Medium,Yes,No,Medium
875,2024-02-06 10:00:00,Tourist Area,Bicycle,3.05,22.6,21.3,Clear,Medium,No,Yes,Low
876,2024-02-06 11:00:00,University Zone,E-Scooter,2.54,19.4,13.0,Clear,High,Yes,No,Medium
877,2024-02-06 12:00:00,Commercial,E-Scooter,9.65,24.1,14.3,Rainy,Low,No,No,High
878,2024-02-06 13:00:00,Commercial,E-Scooter,5.21,50.9,26.8,Rainy,Medium,No,No,Low
879,2024-02-06 14:00:00,University Zone,E-Bike,9.19,58.1,13.2,Clear,Low,No,No,Low
880,2024-02-06 15:00:00,IT Hub,E-Scooter,8.25,46.9,11.5,Hot,Medium,No,No,Low
881,2024-02-06 16:00:00,University Zone,Bicycle,7.75,38.3,15.2,Hot,Low,No,No,Low
882,2024-02-06 17:00:00,University Zone,E-Bike,8.98,22.0,26.6,Hot,Low,Yes,No,Low
883,2024-02-06 18:00:00,Commercial,E-Scooter,5.28,53.0,12.3,Foggy,Medium,No,No,Low
884,2024-02-06 19:00:00,Commercial,Bicycle,7.97,29.2,15.5,Clear,Medium,Yes,No,Low
885,2024-02-06 20:00:00,IT Hub,E-Scooter,2.05,23.0,20.4,Rainy,Medium,Yes,No,Low
886,2024-02-06 21:00:00,Residential,E-Bike,1.28,41.2,23.2,Hot,Low,Yes,No,High
887,2024-02-06 22:00:00,Commercial,E-Bike,8.31,37.1,28.7,Hot,Low,No,No,Low
888,2024-02-06 23:00:00,Residential,Bicycle,5.1,40.7,24.2,Rainy,Medium,No,No,Medium
889,2024-02-07 00:00:00,Commercial,E-Scooter,7.01,17.7,29.4,Hot,Low,No,No,Medium
890,2024-02-07 01:00:00,IT Hub,E-Bike,1.25,57.2,28.7,Rainy,Medium,Yes,No,Medium
891,2024-02-07 02:00:00,Tourist Area,E-Scooter,5.09,22.4,10.2,Hot,High,Yes,No,Low
892,2024-02-07 03:00:00,Commercial,Bicycle,9.09,24.4,27.3,Rainy,Low,No,No,High
893,2024-02-07 04:00:00,University Zone,Bicycle,7.99,20.8,19.3,Clear,High,Yes,Yes,Medium
894,2024-02-07 05:00:00,IT Hub,E-Bike,4.61,31.5,13.4,Clear,High,Yes,No,Low
895,2024-02-07 06:00:00,Residential,E-Scooter,4.02,45.7,12.6,Rainy,Medium,No,No,Medium
896,2024-02-07 07:00:00,Commercial,E-Scooter,2.85,14.0,13.9,Clear,Low,Yes,No,Low
897,2024-02-07 08:00:00,Tourist Area,E-Bike,4.72,32.3,14.8,Clear,High,Yes,No,Low
898,2024-02-07 09:00:00,Tourist Area,E-Scooter,8.99,36.4,21.3,Foggy,Medium,Yes,No,High
899,2024-02-07 10:00:00,Tourist Area,E-Scooter,4.02,36.2,21.5,Foggy,High,No,No,Low
900,2024-02-07 11:00:00,Commercial,E-Bike,7.71,10.8,19.0,Clear,Low,No,No,Low
901,2024-02-07 12:00:00,Tourist Area,E-Scooter,5.32,7.5,22.8,Rainy,Medium,Yes,No,Low
902,2024-02-07 13:00:00,University Zone,E-Bike,1.67,14.3,8.3,Clear,Low,Yes,Yes,Low
903,2024-02-07 14:00:00,Residential,Bicycle,9.44,16.8,24.9,Foggy,Medium,No,No,Low
904,2024-02-07 15:00:00,Residential,Bicycle,4.06,16.6,15.7,Rainy,High,Yes,No,Medium
905,2024-02-07 16:00:00,University Zone,E-Scooter,4.76,33.4,20.1,Foggy,High,Yes,No,High
906,2024-02-07 17:00:00,Residential,E-Scooter,3.94,33.1,23.8,Foggy,Medium,No,No,High
907,2024-02-07 18:00:00,Tourist Area,Bicycle,1.61,24.4,22.4,Foggy,Medium,Yes,No,Low
908,2024-02-07 19:00:00,Tourist Area,E-Scooter,4.8,44.4,13.5,Clear,Low,Yes,No,Medium
909,2024-02-07 20:00:00,University Zone,E-Bike,8.61,34.4,25.0,Rainy,Low,No,No,Low
910,2024-02-07 21:00:00,IT Hub,Bicycle,8.64,21.5,14.0,Hot,Medium,Yes,No,Low
911,2024-02-07 22:00:00,University Zone,E-Scooter,2.69,38.3,12.0,Rainy,Low,No,Yes,Low
912,2024-02-07 23:00:00,University Zone,E-Scooter,1.99,15.7,22.5,Hot,Low,Yes,No,Medium
913,2024-02-08 00:00:00,Commercial,Bicycle,7.29,52.0,17.8,Rainy,Low,Yes,No,Low
914,2024-02-08 01:00:00,Commercial,E-Scooter,8.8,5.6,8.0,Hot,Low,Yes,Yes,Low
915,2024-02-08 02:00:00,IT Hub,E-Scooter,4.82,11.6,12.7,Hot,Low,Yes,Yes,Low
916,2024-02-08 03:00:00,University Zone,Bicycle,0.85,31.5,27.9,Rainy,Medium,Yes,No,High
917,2024-02-08 04:00:00,Commercial,Bicycle,3.23,16.7,10.1,Clear,Medium,Yes,No,Low
918,2024-02-08 05:00:00,University Zone,E-Bike,8.78,58.0,14.3,Hot,Medium,No,No,Low
919,2024-02-08 06:00:00,IT Hub,E-Bike,4.78,8.6,26.3,Rainy,High,Yes,No,Low
920,2024-02-08 07:00:00,Commercial,E-Scooter,7.48,57.4,29.4,Hot,Low,No,No,Low
921,2024-02-08 08:00:00,Commercial,E-Scooter,4.52,40.4,26.2,Clear,High,Yes,No,High
922,2024-02-08 09:00:00,Residential,E-Scooter,5.62,35.2,18.4,Hot,High,No,No,Medium
923,2024-02-08 10:00:00,Tourist Area,E-Scooter,6.3,26.9,12.5,Hot,Medium,No,No,Low
924,2024-02-08 11:00:00,University Zone,E-Scooter,8.75,39.5,13.0,Foggy,High,Yes,No,Medium
925,2024-02-08 12:00:00,IT Hub,E-Scooter,5.8,59.2,18.1,Foggy,High,Yes,No,Low
926,2024-02-08 13:00:00,University Zone,E-Scooter,1.06,32.3,19.9,Clear,High,Yes,No,High
927,2024-02-08 14:00:00,University Zone,Bicycle,5.46,43.6,9.8,Foggy,Medium,Yes,No,Medium
928,2024-02-08 15:00:00,University Zone,E-Bike,9.02,18.3,23.3,Rainy,Low,Yes,No,High
929,2024-02-08 16:00:00,IT Hub,E-Scooter,3.85,49.7,12.1,Foggy,Low,Yes,No,Medium
930,2024-02-08 17:00:00,Tourist Area,Bicycle,1.3,38.1,23.0,Foggy,High,Yes,No,Medium
931,2024-02-08 18:00:00,University Zone,E-Scooter,9.46,6.7,8.2,Clear,High,Yes,No,Low
932,2024-02-08 19:00:00,Commercial,E-Bike,4.04,24.8,21.0,Rainy,Low,No,No,Medium
933,2024-02-08 20:00:00,Residential,E-Scooter,6.07,32.8,8.2,Foggy,High,Yes,Yes,Low
934,2024-02-08 21:00:00,Tourist Area,Bicycle,3.1,28.6,18.0,Clear,Low,No,No,Low
935,2024-02-08 22:00:00,Tourist Area,Bicycle,9.11,7.2,24.7,Hot,Medium,Yes,No,Low
936,2024-02-08 23:00:00,University Zone,E-Scooter,1.59,23.7,15.3,Foggy,Medium,No,No,High
937,2024-02-09 00:00:00,IT Hub,E-Bike,7.7,7.4,13.4,Rainy,Medium,No,No,High
938,2024-02-09 01:00:00,Tourist Area,E-Bike,2.39,20.6,23.6,Foggy,Low,Yes,No,Low
939,2024-02-09 02:00:00,Residential,Bicycle,5.22,55.1,9.8,Hot,High,Yes,No,Low
940,2024-02-09 03:00:00,Residential,E-Scooter,8.68,40.7,29.7,Hot,High,No,No,Low
941,2024-02-09 04:00:00,IT Hub,E-Scooter,9.61,37.0,21.3,Clear,Low,Yes,No,Low
942,2024-02-09 05:00:00,University Zone,E-Bike,3.87,21.7,9.5,Clear,High,No,No,Low
943,2024-02-09 06:00:00,Residential,Bicycle,7.86,21.2,11.9,Clear,Low,Yes,No,Medium
944,2024-02-09 07:00:00,Commercial,Bicycle,4.8,33.6,8.4,Clear,Medium,Yes,No,Medium
945,2024-02-09 08:00:00,Residential,E-Scooter,4.26,11.2,8.1,Rainy,Medium,No,No,Low
946,2024-02-09 09:00:00,Tourist Area,E-Bike,1.46,9.1,19.3,Foggy,Low,Yes,No,Medium
947,2024-02-09 10:00:00,University Zone,E-Scooter,2.61,37.7,8.1,Clear,Medium,Yes,No,Medium
948,2024-02-09 11:00:00,Tourist Area,Bicycle,3.15,8.5,22.1,Clear,High,Yes,No,Medium
949,2024-02-09 12:00:00,Residential,E-Bike,4.2,53.1,23.6,Clear,High,No,No,Low
950,2024-02-09 13:00:00,IT Hub,E-Bike,8.88,8.6,17.6,Rainy,High,No,No,Medium
951,2024-02-09 14:00:00,Tourist Area,Bicycle,6.95,39.7,10.9,Rainy,High,No,No,Medium
952,2024-02-09 15:00:00,Tourist Area,E-Scooter,3.15,47.5,21.2,Clear,Medium,No,No,Low
953,2024-02-09 16:00:00,IT Hub,E-Scooter,8.59,7.0,10.3,Foggy,Low,No,No,High
954,2024-02-09 17:00:00,Commercial,E-Scooter,6.97,19.1,23.3,Rainy,High,No,No,Low
955,2024-02-09 18:00:00,Residential,E-Scooter,9.34,23.4,13.9,Clear,Low,No,No,Low
956,2024-02-09 19:00:00,IT Hub,E-Bike,2.15,37.6,27.6,Hot,Low,Yes,No,Low
957,2024-02-09 20:00:00,IT Hub,E-Scooter,7.8,26.5,27.0,Hot,Low,Yes,No,Medium
958,2024-02-09 21:00:00,University Zone,E-Bike,4.2,7.4,14.0,Rainy,High,No,No,Low
959,2024-02-09 22:00:00,Tourist Area,E-Bike,4.15,23.9,8.0,Rainy,Low,Yes,No,Low
960,2024-02-09 23:00:00,Residential,E-Bike,9.08,9.5,18.7,Hot,High,Yes,No,High
961,2024-02-10 00:00:00,IT Hub,E-Bike,4.87,10.0,13.7,Clear,High,No,No,Medium
962,2024-02-10 01:00:00,Residential,E-Bike,9.45,41.5,18.5,Clear,Low,No,No,Medium
963,2024-02-10 02:00:00,Tourist Area,E-Bike,8.28,33.0,9.0,Clear,High,Yes,No,High
964,2024-02-10 03:00:00,Tourist Area,E-Bike,1.03,29.3,14.8,Rainy,Medium,No,No,Medium
965,2024-02-10 04:00:00,Residential,E-Bike,0.66,29.9,20.8,Foggy,Low,Yes,No,Medium
966,2024-02-10 05:00:00,Commercial,E-Scooter,9.55,44.2,20.9,Rainy,Medium,Yes,Yes,Low
967,2024-02-10 06:00:00,Commercial,E-Scooter,4.25,20.9,23.1,Foggy,High,Yes,No,Medium
968,2024-02-10 07:00:00,University Zone,Bicycle,9.92,31.3,15.0,Foggy,Medium,Yes,No,High
969,2024-02-10 08:00:00,Residential,E-Scooter,6.32,11.7,20.0,Foggy,Medium,No,No,High
970,2024-02-10 09:00:00,Tourist Area,E-Scooter,8.6,18.0,9.8,Rainy,Low,Yes,No,Medium
971,2024-02-10 10:00:00,University Zone,Bicycle,6.3,35.5,17.9,Rainy,Low,Yes,No,Low
972,2024-02-10 11:00:00,IT Hub,E-Bike,3.63,42.8,25.4,Rainy,High,No,No,Low
973,2024-02-10 12:00:00,Tourist Area,E-Bike,0.65,36.7,19.7,Rainy,Medium,No,No,Medium
974,2024-02-10 13:00:00,University Zone,E-Bike,3.4,19.6,28.7,Rainy,Low,No,No,Low
975,2024-02-10 14:00:00,Residential,E-Bike,3.44,50.8,18.0,Foggy,Medium,No,No,Low
976,2024-02-10 15:00:00,IT Hub,E-Bike,8.78,45.8,22.8,Rainy,Low,Yes,No,High
977,2024-02-10 16:00:00,Residential,E-Bike,0.97,52.4,18.5,Foggy,High,Yes,No,Low
978,2024-02-10 17:00:00,Residential,Bicycle,9.09,40.4,18.6,Clear,Low,No,No,High
979,2024-02-10 18:00:00,Tourist Area,E-Scooter,7.33,56.3,16.4,Clear,Medium,Yes,No,Low
980,2024-02-10 19:00:00,Commercial,E-Bike,3.47,35.4,9.0,Hot,Medium,Yes,No,High
981,2024-02-10 20:00:00,IT Hub,E-Bike,6.9,54.5,16.9,Foggy,High,No,No,Medium
982,2024-02-10 21:00:00,Tourist Area,Bicycle,4.58,7.5,15.0,Rainy,Low,No,Yes,Low
983,2024-02-10 22:00:00,Commercial,E-Scooter,9.64,37.1,12.6,Rainy,High,Yes,No,High
984,2024-02-10 23:00:00,Residential,E-Bike,0.77,17.2,28.2,Foggy,High,No,No,Medium
985,2024-02-11 00:00:00,IT Hub,E-Bike,1.87,17.5,24.5,Clear,Low,Yes,No,Low
986,2024-02-11 01:00:00,Commercial,Bicycle,6.97,48.2,28.2,Hot,Medium,Yes,No,Medium
987,2024-02-11 02:00:00,Tourist Area,Bicycle,9.51,50.9,26.1,Clear,High,Yes,No,Low
988,2024-02-11 03:00:00,IT Hub,E-Bike,8.3,23.5,12.1,Foggy,Medium,No,No,Medium
989,2024-02-11 04:00:00,University Zone,E-Scooter,3.8,49.2,29.9,Clear,Low,No,No,High
990,2024-02-11 05:00:00,Commercial,E-Scooter,3.37,49.4,26.8,Foggy,Medium,Yes,Yes,Low
991,2024-02-11 06:00:00,University Zone,E-Bike,1.84,44.6,22.1,Rainy,Medium,No,No,Medium
992,2024-02-11 07:00:00,Tourist Area,E-Bike,5.06,20.8,8.8,Rainy,Medium,No,No,Medium
993,2024-02-11 08:00:00,University Zone,E-Bike,9.64,47.4,19.5,Hot,Low,No,Yes,Medium
994,2024-02-11 09:00:00,Commercial,E-Scooter,1.27,6.0,15.6,Clear,Low,Yes,No,Low
995,2024-02-11 10:00:00,Tourist Area,Bicycle,8.8,36.4,26.5,Hot,High,No,Yes,Medium
996,2024-02-11 11:00:00,Tourist Area,Bicycle,2.6,49.1,21.7,Foggy,Medium,Yes,Yes,Low
997,2024-02-11 12:00:00,University Zone,Bicycle,0.83,49.1,17.8,Clear,Medium,Yes,No,Low
998,2024-02-11 13:00:00,IT Hub,E-Bike,0.52,13.0,15.0,Clear,Low,No,No,Low
999,2024-02-11 14:00:00,IT Hub,E-Scooter,9.21,9.3,22.2,Rainy,High,Yes,No,Medium
1000,2024-02-11 15:00:00,Commercial,E-Bike,4.88,11.9,12.4,Hot,Low,No,No,Medium
1001,2024-02-11 16:00:00,Commercial,E-Scooter,6.22,47.5,25.2,Rainy,Medium,No,Yes,Medium
1002,2024-02-11 17:00:00,IT Hub,E-Bike,9.73,45.7,8.3,Hot,Medium,No,No,Low
1003,2024-02-11 18:00:00,IT Hub,Bicycle,4.92,56.0,16.3,Clear,Low,Yes,Yes,Medium
1004,2024-02-11 19:00:00,IT Hub,E-Bike,4.03,46.6,23.5,Clear,Low,Yes,No,Low
1005,2024-02-11 20:00:00,Commercial,Bicycle,4.38,56.4,14.9,Clear,Low,Yes,No,Low
1006,2024-02-11 21:00:00,Residential,E-Bike,7.89,42.6,13.1,Foggy,High,No,No,Low
1007,2024-02-11 22:00:00,Commercial,E-Scooter,1.4,22.6,20.4,Hot,Low,Yes,No,Medium
1008,2024-02-11 23:00:00,IT Hub,E-Scooter,7.53,35.0,24.2,Hot,Low,Yes,Yes,High
1009,2024-02-12 00:00:00,Residential,E-Bike,4.79,27.6,10.9,Foggy,High,Yes,No,Low
1010,2024-02-12 01:00:00,Tourist Area,Bicycle,1.91,52.7,15.4,Foggy,Medium,Yes,No,Low
1011,2024-02-12 02:00:00,Commercial,Bicycle,2.67,59.6,18.5,Clear,Low,No,No,Medium
1012,2024-02-12 03:00:00,Commercial,E-Scooter,4.67,20.0,8.0,Rainy,Low,No,No,Low
1013,2024-02-12 04:00:00,IT Hub,E-Bike,9.53,29.8,24.4,Hot,Low,No,No,Low
1014,2024-02-12 05:00:00,Residential,E-Scooter,9.73,29.6,25.9,Foggy,Medium,Yes,No,Low
1015,2024-02-12 06:00:00,University Zone,E-Scooter,5.21,33.4,14.9,Rainy,Medium,No,No,High
1016,2024-02-12 07:00:00,University Zone,E-Bike,1.7,6.2,22.3,Foggy,High,Yes,No,Low
1017,2024-02-12 08:00:00,Residential,E-Bike,9.49,42.3,9.1,Hot,Medium,Yes,No,Low
1018,2024-02-12 09:00:00,University Zone,Bicycle,7.5,38.9,9.8,Foggy,Low,No,No,Low
1019,2024-02-12 10:00:00,Tourist Area,E-Bike,7.49,13.9,9.8,Foggy,High,No,No,Low
1020,2024-02-12 11:00:00,Tourist Area,Bicycle,0.82,48.0,29.3,Foggy,Low,Yes,No,Low
1021,2024-02-12 12:00:00,Commercial,E-Scooter,6.78,52.3,17.0,Hot,Medium,No,No,Low
1022,2024-02-12 13:00:00,University Zone,Bicycle,2.49,5.1,21.8,Hot,High,Yes,No,Low
1023,2024-02-12 14:00:00,IT Hub,E-Scooter,9.62,44.4,25.9,Foggy,Medium,Yes,No,Low
1024,2024-02-12 15:00:00,Commercial,E-Bike,0.68,12.1,13.3,Foggy,Low,No,No,Low
1025,2024-02-12 16:00:00,Residential,E-Scooter,8.65,15.7,15.6,Rainy,Low,Yes,No,Low
1026,2024-02-12 17:00:00,Tourist Area,E-Scooter,5.69,28.6,22.4,Clear,Medium,Yes,No,Low
1027,2024-02-12 18:00:00,IT Hub,Bicycle,5.64,53.6,8.5,Hot,High,No,No,High
1028,2024-02-12 19:00:00,IT Hub,Bicycle,8.99,19.3,9.4,Foggy,Medium,Yes,No,Low
1029,2024-02-12 20:00:00,Residential,Bicycle,0.58,39.2,10.1,Foggy,High,Yes,Yes,Low
1030,2024-02-12 21:00:00,Commercial,Bicycle,9.76,29.3,11.1,Rainy,High,No,No,High
1031,2024-02-12 22:00:00,Commercial,E-Scooter,2.29,51.5,21.7,Rainy,Medium,No,Yes,Medium
1032,2024-02-12 23:00:00,Commercial,Bicycle,1.53,18.3,19.1,Foggy,Medium,Yes,Yes,High
1033,2024-02-13 00:00:00,Residential,E-Scooter,3.14,34.8,17.1,Foggy,High,Yes,No,Medium
1034,2024-02-13 01:00:00,Residential,E-Bike,5.87,5.1,26.4,Clear,Low,Yes,No,Low
1035,2024-02-13 02:00:00,University Zone,Bicycle,2.19,31.1,22.5,Foggy,Medium,No,No,High
1036,2024-02-13 03:00:00,Commercial,E-Bike,3.23,29.5,13.7,Hot,Low,No,No,Low
1037,2024-02-13 04:00:00,Commercial,E-Scooter,6.37,46.3,28.4,Rainy,High,Yes,No,Medium
1038,2024-02-13 05:00:00,Commercial,E-Scooter,3.04,9.8,23.3,Rainy,Medium,Yes,No,Low
1039,2024-02-13 06:00:00,Tourist Area,E-Scooter,5.79,49.0,11.3,Rainy,Medium,Yes,No,Low
1040,2024-02-13 07:00:00,Tourist Area,E-Scooter,3.25,20.4,11.1,Foggy,Low,Yes,No,Low
1041,2024-02-13 08:00:00,Commercial,E-Bike,5.19,52.3,12.7,Clear,High,Yes,Yes,Medium
1042,2024-02-13 09:00:00,Commercial,E-Bike,4.43,41.6,26.9,Clear,Medium,No,No,Low
1043,2024-02-13 10:00:00,Commercial,Bicycle,3.63,14.1,29.7,Hot,High,Yes,Yes,Low
1044,2024-02-13 11:00:00,IT Hub,Bicycle,2.39,51.1,27.4,Rainy,Medium,Yes,No,High
1045,2024-02-13 12:00:00,IT Hub,Bicycle,3.88,51.9,9.7,Clear,High,Yes,No,Low
1046,2024-02-13 13:00:00,Commercial,E-Bike,8.39,33.6,22.6,Hot,High,Yes,Yes,Low
1047,2024-02-13 14:00:00,Residential,Bicycle,6.46,53.8,15.8,Rainy,Medium,No,No,Medium
1048,2024-02-13 15:00:00,Commercial,E-Bike,1.24,54.4,19.5,Foggy,Low,No,No,High
1049,2024-02-13 16:00:00,University Zone,Bicycle,6.34,42.5,19.0,Hot,High,Yes,No,High
1050,2024-02-13 17:00:00,IT Hub,E-Bike,2.97,17.1,20.8,Foggy,Medium,No,No,Medium
1051,2024-02-13 18:00:00,Tourist Area,Bicycle,3.28,33.1,9.2,Rainy,Medium,No,No,Medium
1052,2024-02-13 19:00:00,Tourist Area,E-Bike,0.55,9.7,22.1,Foggy,High,Yes,No,Medium
1053,2024-02-13 20:00:00,Residential,E-Scooter,2.11,13.9,21.0,Hot,Medium,No,No,Medium
1054,2024-02-13 21:00:00,Commercial,Bicycle,9.75,35.4,23.6,Foggy,High,Yes,No,Medium
1055,2024-02-13 22:00:00,Commercial,E-Scooter,0.88,39.0,25.0,Clear,Medium,No,No,Low
1056,2024-02-13 23:00:00,University Zone,E-Scooter,3.11,40.8,19.3,Clear,Medium,No,No,Low
1057,2024-02-14 00:00:00,Tourist Area,E-Scooter,7.73,42.7,24.0,Clear,Medium,No,No,Low
1058,2024-02-14 01:00:00,IT Hub,E-Bike,6.28,36.2,8.5,Rainy,Medium,No,No,High
1059,2024-02-14 02:00:00,IT Hub,Bicycle,5.52,10.1,13.1,Hot,Medium,Yes,No,High
1060,2024-02-14 03:00:00,IT Hub,E-Bike,7.06,29.1,28.3,Rainy,High,Yes,No,Medium
1061,2024-02-14 04:00:00,University Zone,Bicycle,8.27,21.6,12.0,Rainy,Low,Yes,No,High
1062,2024-02-14 05:00:00,University Zone,E-Bike,1.7,40.2,12.4,Rainy,Medium,Yes,No,High
1063,2024-02-14 06:00:00,Commercial,E-Scooter,6.89,22.7,9.9,Hot,High,No,No,Medium
1064,2024-02-14 07:00:00,University Zone,E-Scooter,4.79,37.2,11.9,Rainy,Low,Yes,No,Low
1065,2024-02-14 08:00:00,IT Hub,E-Scooter,2.08,10.1,27.7,Rainy,Medium,Yes,No,High
1066,2024-02-14 09:00:00,Commercial,Bicycle,6.64,59.6,14.3,Rainy,Low,Yes,No,Medium
1067,2024-02-14 10:00:00,University Zone,E-Bike,4.54,32.3,16.8,Foggy,Low,Yes,No,Medium
1068,2024-02-14 11:00:00,Residential,E-Scooter,9.13,45.9,19.1,Foggy,Medium,Yes,No,Medium
1069,2024-02-14 12:00:00,IT Hub,E-Bike,2.47,27.9,12.7,Rainy,Medium,Yes,No,Medium
1070,2024-02-14 13:00:00,Residential,E-Bike,9.94,38.9,15.0,Foggy,High,No,Yes,Low
1071,2024-02-14 14:00:00,Tourist Area,E-Scooter,1.21,53.6,28.0,Hot,Medium,Yes,No,Low
1072,2024-02-14 15:00:00,Residential,Bicycle,7.62,54.1,16.8,Foggy,Low,Yes,No,Low
1073,2024-02-14 16:00:00,IT Hub,E-Bike,7.04,54.5,13.4,Hot,High,Yes,No,Low
1074,2024-02-14 17:00:00,University Zone,E-Scooter,9.25,33.0,11.7,Clear,High,Yes,No,Low
1075,2024-02-14 18:00:00,IT Hub,E-Scooter,0.7,35.8,15.8,Foggy,Low,No,No,High
1076,2024-02-14 19:00:00,Commercial,Bicycle,1.05,12.6,18.6,Rainy,Medium,No,Yes,Medium
1077,2024-02-14 20:00:00,Commercial,E-Scooter,6.33,30.8,15.6,Hot,Medium,Yes,No,Low
1078,2024-02-14 21:00:00,Tourist Area,Bicycle,7.23,59.4,14.8,Clear,Low,Yes,No,Low
1079,2024-02-14 22:00:00,Tourist Area,Bicycle,5.37,39.7,21.4,Rainy,Medium,No,No,Low
1080,2024-02-14 23:00:00,IT Hub,E-Scooter,3.14,21.3,21.4,Foggy,Medium,No,No,High
1081,2024-02-15 00:00:00,Residential,E-Bike,8.34,30.2,20.9,Foggy,Medium,No,Yes,Low
1082,2024-02-15 01:00:00,Residential,E-Bike,6.28,35.3,28.7,Foggy,High,No,No,Low
1083,2024-02-15 02:00:00,Residential,Bicycle,6.18,22.9,27.7,Rainy,Low,No,Yes,High
1084,2024-02-15 03:00:00,Residential,E-Bike,3.46,38.4,17.1,Hot,High,Yes,No,Medium
1085,2024-02-15 04:00:00,University Zone,E-Bike,8.18,33.5,22.6,Foggy,Medium,No,No,High
1086,2024-02-15 05:00:00,Tourist Area,E-Scooter,5.94,29.8,15.5,Foggy,Low,No,No,Low
1087,2024-02-15 06:00:00,Residential,E-Scooter,0.76,31.0,19.3,Hot,High,Yes,No,Low
1088,2024-02-15 07:00:00,Commercial,Bicycle,7.69,17.9,10.1,Foggy,High,No,No,Medium
1089,2024-02-15 08:00:00,Commercial,Bicycle,7.67,38.9,15.9,Hot,Medium,Yes,No,Low
1090,2024-02-15 09:00:00,IT Hub,Bicycle,3.07,10.6,22.2,Foggy,High,Yes,No,Medium
1091,2024-02-15 10:00:00,IT Hub,E-Bike,0.88,35.7,17.9,Hot,Low,Yes,No,High
1092,2024-02-15 11:00:00,Tourist Area,E-Scooter,4.75,15.9,12.5,Rainy,Low,Yes,No,Medium
1093,2024-02-15 12:00:00,Commercial,Bicycle,4.21,41.8,8.9,Clear,Low,Yes,No,Low
1094,2024-02-15 13:00:00,Residential,Bicycle,6.16,51.1,20.5,Hot,High,Yes,No,Low
1095,2024-02-15 14:00:00,University Zone,Bicycle,5.52,6.9,22.8,Foggy,High,No,No,High
1096,2024-02-15 15:00:00,IT Hub,E-Bike,3.74,26.4,24.0,Rainy,High,Yes,No,High
1097,2024-02-15 16:00:00,University Zone,E-Scooter,2.31,56.4,10.5,Hot,High,Yes,No,Low
1098,2024-02-15 17:00:00,IT Hub,Bicycle,3.0,55.7,26.7,Foggy,High,Yes,No,Low
1099,2024-02-15 18:00:00,University Zone,E-Bike,5.34,38.8,8.3,Foggy,High,No,No,High
1100,2024-02-15 19:00:00,University Zone,E-Scooter,6.84,10.6,20.4,Hot,Medium,Yes,No,High
1101,2024-02-15 20:00:00,IT Hub,E-Scooter,8.96,15.9,24.7,Foggy,High,Yes,No,High
1102,2024-02-15 21:00:00,IT Hub,E-Scooter,7.1,35.1,14.5,Clear,Low,No,No,Medium
1103,2024-02-15 22:00:00,Tourist Area,Bicycle,4.45,16.2,8.8,Hot,Medium,No,No,Low
1104,2024-02-15 23:00:00,Residential,E-Scooter,9.38,16.1,24.6,Clear,High,Yes,No,High
1105,2024-02-16 00:00:00,Residential,E-Bike,2.4,18.5,19.0,Hot,High,Yes,No,Low
1106,2024-02-16 01:00:00,University Zone,E-Scooter,0.54,23.5,27.5,Hot,Low,Yes,No,Medium
1107,2024-02-16 02:00:00,Tourist Area,E-Bike,6.32,17.6,28.0,Hot,Medium,No,Yes,Low
1108,2024-02-16 03:00:00,IT Hub,E-Bike,1.04,7.0,28.2,Rainy,Low,No,No,High
1109,2024-02-16 04:00:00,IT Hub,E-Bike,8.55,50.8,29.9,Rainy,Low,No,No,Low
1110,2024-02-16 05:00:00,University Zone,E-Scooter,6.17,15.8,20.9,Hot,Medium,No,No,Low
1111,2024-02-16 06:00:00,Tourist Area,E-Bike,6.8,58.4,11.7,Foggy,Medium,Yes,Yes,Low
1112,2024-02-16 07:00:00,University Zone,E-Bike,0.87,5.8,20.3,Clear,Medium,No,Yes,Medium
1113,2024-02-16 08:00:00,Residential,Bicycle,9.63,56.1,8.8,Foggy,Low,No,Yes,Low
1114,2024-02-16 09:00:00,IT Hub,E-Scooter,5.28,39.7,9.0,Hot,Low,No,No,Low
1115,2024-02-16 10:00:00,Tourist Area,E-Bike,2.99,51.3,19.7,Hot,High,Yes,No,Medium
1116,2024-02-16 11:00:00,IT Hub,Bicycle,2.96,24.4,21.5,Rainy,Low,No,Yes,High
1117,2024-02-16 12:00:00,University Zone,E-Bike,8.58,57.6,20.6,Foggy,Medium,Yes,No,Medium
1118,2024-02-16 13:00:00,Tourist Area,Bicycle,8.11,53.2,23.7,Rainy,Medium,Yes,No,Low
1119,2024-02-16 14:00:00,Residential,E-Scooter,4.53,8.9,19.5,Clear,Low,Yes,No,Low
1120,2024-02-16 15:00:00,Tourist Area,E-Bike,6.89,49.1,16.0,Hot,Medium,No,No,Low
1121,2024-02-16 16:00:00,University Zone,E-Bike,8.21,20.2,15.5,Clear,Medium,Yes,No,Low
1122,2024-02-16 17:00:00,IT Hub,E-Scooter,3.59,8.3,23.7,Hot,High,No,No,Low
1123,2024-02-16 18:00:00,University Zone,E-Scooter,9.39,12.7,15.3,Hot,High,Yes,Yes,Medium
1124,2024-02-16 19:00:00,Tourist Area,Bicycle,2.71,53.6,9.2,Clear,Low,No,No,Medium
1125,2024-02-16 20:00:00,Tourist Area,Bicycle,4.26,8.7,12.9,Rainy,Medium,No,No,Low
1126,2024-02-16 21:00:00,University Zone,E-Bike,7.52,5.2,25.6,Rainy,Low,Yes,No,Medium
1127,2024-02-16 22:00:00,Residential,E-Bike,5.14,37.5,19.2,Rainy,Medium,No,No,Medium
1128,2024-02-16 23:00:00,Residential,E-Bike,6.43,29.1,13.9,Foggy,Medium,Yes,No,Medium
1129,2024-02-17 00:00:00,Commercial,E-Bike,7.76,28.8,20.8,Foggy,Medium,No,No,High
1130,2024-02-17 01:00:00,Commercial,Bicycle,9.09,28.5,15.7,Foggy,Low,No,No,Medium
1131,2024-02-17 02:00:00,IT Hub,E-Scooter,4.67,34.0,27.7,Hot,Medium,Yes,No,Medium
1132,2024-02-17 03:00:00,IT Hub,Bicycle,1.96,28.6,17.3,Clear,Low,No,No,Low
1133,2024-02-17 04:00:00,IT Hub,Bicycle,2.73,15.2,22.1,Rainy,High,Yes,No,Low
1134,2024-02-17 05:00:00,IT Hub,E-Scooter,4.03,8.5,18.0,Clear,High,Yes,No,High
1135,2024-02-17 06:00:00,Commercial,E-Bike,9.69,28.1,18.4,Hot,High,Yes,No,High
1136,2024-02-17 07:00:00,Residential,E-Bike,5.68,26.5,18.0,Rainy,Medium,Yes,No,Low
1137,2024-02-17 08:00:00,IT Hub,E-Scooter,3.39,7.0,12.6,Foggy,Medium,Yes,No,Medium
1138,2024-02-17 09:00:00,Commercial,E-Scooter,3.8,9.2,28.0,Clear,Low,No,No,Low
1139,2024-02-17 10:00:00,Residential,Bicycle,7.9,13.9,18.0,Hot,Low,No,Yes,Medium
1140,2024-02-17 11:00:00,Residential,E-Scooter,6.91,9.8,28.9,Clear,Medium,No,No,High
1141,2024-02-17 12:00:00,Residential,E-Bike,8.3,33.5,23.2,Foggy,Medium,No,No,Medium
1142,2024-02-17 13:00:00,Commercial,E-Scooter,9.4,20.9,22.3,Foggy,Medium,No,No,Low
1143,2024-02-17 14:00:00,Commercial,E-Scooter,0.6,38.2,19.0,Clear,Medium,Yes,No,High
1144,2024-02-17 15:00:00,University Zone,E-Scooter,1.53,54.0,29.3,Foggy,Medium,Yes,No,Low
1145,2024-02-17 16:00:00,University Zone,E-Bike,1.66,44.7,15.4,Rainy,High,Yes,No,Medium
1146,2024-02-17 17:00:00,Commercial,E-Scooter,2.64,7.7,24.0,Hot,Low,No,No,High
1147,2024-02-17 18:00:00,IT Hub,E-Bike,2.33,10.6,12.7,Foggy,Low,Yes,No,Low
1148,2024-02-17 19:00:00,Residential,E-Bike,7.81,12.8,13.9,Rainy,Medium,Yes,No,Low
1149,2024-02-17 20:00:00,University Zone,E-Scooter,4.86,22.7,20.2,Rainy,High,No,No,Medium
1150,2024-02-17 21:00:00,University Zone,E-Bike,9.75,49.9,15.7,Clear,Medium,No,No,Medium
1151,2024-02-17 22:00:00,Residential,Bicycle,8.48,19.8,18.9,Clear,High,Yes,No,Medium
1152,2024-02-17 23:00:00,University Zone,E-Scooter,2.11,43.6,13.0,Clear,High,No,No,Low
1153,2024-02-18 00:00:00,Tourist Area,Bicycle,8.94,57.3,15.2,Rainy,Low,Yes,No,Low
1154,2024-02-18 01:00:00,Tourist Area,E-Scooter,8.93,41.6,13.0,Clear,Low,Yes,Yes,High
1155,2024-02-18 02:00:00,University Zone,Bicycle,2.01,6.9,11.2,Foggy,Medium,Yes,No,High
1156,2024-02-18 03:00:00,IT Hub,Bicycle,7.09,13.1,20.6,Rainy,High,Yes,No,Low
1157,2024-02-18 04:00:00,Tourist Area,E-Scooter,9.59,7.1,10.2,Clear,High,Yes,No,High
1158,2024-02-18 05:00:00,IT Hub,E-Bike,6.41,28.2,24.2,Rainy,High,Yes,No,High
1159,2024-02-18 06:00:00,Commercial,E-Bike,5.4,49.7,28.6,Foggy,High,Yes,No,Medium
1160,2024-02-18 07:00:00,Residential,E-Scooter,2.84,42.8,23.6,Clear,High,No,No,High
1161,2024-02-18 08:00:00,University Zone,E-Scooter,7.12,8.3,16.3,Clear,Low,No,No,Medium
1162,2024-02-18 09:00:00,Tourist Area,E-Scooter,9.35,19.3,12.0,Foggy,Low,Yes,No,Low
1163,2024-02-18 10:00:00,IT Hub,E-Bike,7.31,31.3,27.6,Clear,Medium,No,No,Low
1164,2024-02-18 11:00:00,University Zone,E-Scooter,8.67,26.2,24.2,Rainy,High,Yes,No,Low
1165,2024-02-18 12:00:00,Commercial,E-Scooter,7.33,5.6,13.6,Foggy,Low,Yes,No,Medium
1166,2024-02-18 13:00:00,Commercial,E-Scooter,9.44,38.1,26.8,Rainy,High,Yes,No,High
1167,2024-02-18 14:00:00,Tourist Area,Bicycle,3.65,41.1,14.1,Foggy,Medium,Yes,No,Low
1168,2024-02-18 15:00:00,University Zone,E-Scooter,8.7,51.9,14.5,Foggy,High,No,No,Low
1169,2024-02-18 16:00:00,University Zone,E-Scooter,3.17,17.4,18.6,Clear,Medium,No,No,Low
1170,2024-02-18 17:00:00,University Zone,E-Bike,3.78,21.3,25.6,Clear,Low,Yes,No,Medium
1171,2024-02-18 18:00:00,Commercial,E-Scooter,7.85,32.1,11.6,Clear,High,No,No,Low
1172,2024-02-18 19:00:00,Commercial,E-Bike,7.8,33.7,11.5,Rainy,Low,Yes,No,Low
1173,2024-02-18 20:00:00,Residential,E-Scooter,6.88,31.4,10.3,Hot,Low,No,No,Low
1174,2024-02-18 21:00:00,Commercial,Bicycle,7.97,51.9,21.9,Rainy,Low,No,No,Medium
1175,2024-02-18 22:00:00,Commercial,E-Bike,9.24,24.3,18.2,Hot,Low,Yes,No,Low
1176,2024-02-18 23:00:00,Residential,Bicycle,6.92,34.7,22.9,Rainy,Medium,No,No,High
1177,2024-02-19 00:00:00,University Zone,E-Bike,3.8,6.9,10.7,Rainy,Low,No,No,Low
1178,2024-02-19 01:00:00,Commercial,E-Bike,1.61,41.8,15.9,Foggy,Low,No,No,Medium
1179,2024-02-19 02:00:00,Residential,Bicycle,7.39,12.4,18.7,Hot,Low,Yes,No,Low
1180,2024-02-19 03:00:00,University Zone,E-Scooter,4.17,11.8,24.3,Hot,High,Yes,No,High
1181,2024-02-19 04:00:00,IT Hub,E-Bike,2.35,22.0,28.7,Foggy,Low,No,Yes,Medium
1182,2024-02-19 05:00:00,Residential,Bicycle,7.34,39.0,19.6,Rainy,High,Yes,No,Low
1183,2024-02-19 06:00:00,Residential,Bicycle,4.57,33.6,29.2,Rainy,High,No,No,Low
1184,2024-02-19 07:00:00,University Zone,E-Scooter,1.49,24.6,27.0,Hot,High,No,No,Medium
1185,2024-02-19 08:00:00,Tourist Area,E-Bike,8.06,39.7,15.0,Clear,Low,Yes,No,Medium
1186,2024-02-19 09:00:00,IT Hub,E-Scooter,2.37,56.2,16.7,Hot,High,No,No,Low
1187,2024-02-19 10:00:00,Commercial,E-Scooter,0.72,5.3,20.0,Foggy,Low,No,No,Medium
1188,2024-02-19 11:00:00,Tourist Area,E-Scooter,3.51,56.8,10.8,Hot,Medium,No,No,Low
1189,2024-02-19 12:00:00,University Zone,E-Bike,2.0,57.1,19.2,Foggy,Low,No,No,Low
1190,2024-02-19 13:00:00,University Zone,E-Bike,4.88,29.3,18.3,Rainy,Low,Yes,Yes,High
1191,2024-02-19 14:00:00,University Zone,Bicycle,7.52,51.4,13.6,Clear,Medium,No,No,Medium
1192,2024-02-19 15:00:00,Tourist Area,Bicycle,4.34,16.4,29.6,Foggy,Low,Yes,No,Low
1193,2024-02-19 16:00:00,University Zone,Bicycle,7.71,26.5,13.6,Hot,Medium,Yes,No,Medium
1194,2024-02-19 17:00:00,IT Hub,E-Scooter,6.84,16.8,21.5,Clear,High,No,Yes,Medium
1195,2024-02-19 18:00:00,Tourist Area,Bicycle,1.84,51.8,10.3,Foggy,Medium,No,Yes,Medium
1196,2024-02-19 19:00:00,IT Hub,Bicycle,4.49,46.9,17.9,Hot,Low,No,No,Low
1197,2024-02-19 20:00:00,IT Hub,E-Bike,5.56,49.7,27.2,Clear,Low,No,No,Medium
1198,2024-02-19 21:00:00,University Zone,E-Scooter,3.64,9.6,17.1,Rainy,Low,Yes,No,Low
1199,2024-02-19 22:00:00,IT Hub,E-Scooter,4.64,5.8,9.0,Hot,Medium,No,No,Low
1200,2024-02-19 23:00:00,Tourist Area,E-Scooter,8.01,32.8,15.2,Hot,Medium,Yes,Yes,Low
1201,2024-02-20 00:00:00,University Zone,E-Scooter,9.59,53.2,21.6,Foggy,Medium,Yes,No,Low
1202,2024-02-20 01:00:00,Commercial,Bicycle,6.72,49.0,29.1,Clear,Low,Yes,No,Low
1203,2024-02-20 02:00:00,Residential,Bicycle,5.06,31.7,16.1,Clear,Low,Yes,No,Low
1204,2024-02-20 03:00:00,Commercial,Bicycle,1.78,7.7,8.3,Clear,High,No,No,Low
1205,2024-02-20 04:00:00,Tourist Area,E-Bike,1.99,52.8,26.7,Foggy,High,Yes,No,Medium
1206,2024-02-20 05:00:00,University Zone,E-Bike,1.01,54.7,12.0,Clear,Low,No,No,Low
1207,2024-02-20 06:00:00,Tourist Area,E-Scooter,2.69,46.7,29.8,Hot,High,Yes,No,Medium
1208,2024-02-20 07:00:00,University Zone,E-Scooter,2.73,5.7,13.0,Rainy,Low,Yes,Yes,Low
1209,2024-02-20 08:00:00,Residential,E-Scooter,2.42,18.6,22.5,Rainy,High,No,No,High
1210,2024-02-20 09:00:00,IT Hub,E-Scooter,9.51,10.3,10.1,Hot,Medium,No,No,Low
1211,2024-02-20 10:00:00,IT Hub,E-Bike,4.96,10.3,10.2,Clear,Medium,Yes,No,Medium
1212,2024-02-20 11:00:00,IT Hub,E-Scooter,6.64,27.3,8.9,Foggy,Medium,No,No,Low
1213,2024-02-20 12:00:00,Residential,E-Scooter,2.75,19.2,19.8,Rainy,Medium,Yes,No,Low
1214,2024-02-20 13:00:00,Tourist Area,E-Bike,5.96,13.4,21.7,Clear,Medium,Yes,No,Low
1215,2024-02-20 14:00:00,Commercial,E-Bike,8.18,46.0,13.5,Rainy,High,Yes,No,Low
1216,2024-02-20 15:00:00,Commercial,E-Scooter,2.32,42.1,26.4,Rainy,High,No,No,Low
1217,2024-02-20 16:00:00,Commercial,Bicycle,7.11,17.5,26.3,Hot,High,No,No,Low
1218,2024-02-20 17:00:00,Residential,E-Scooter,5.42,44.3,17.8,Hot,High,Yes,No,Low
1219,2024-02-20 18:00:00,Tourist Area,E-Bike,4.87,29.4,17.2,Rainy,High,Yes,No,Medium
1220,2024-02-20 19:00:00,Tourist Area,E-Scooter,5.52,36.1,8.8,Rainy,High,No,No,High
1221,2024-02-20 20:00:00,Tourist Area,Bicycle,6.87,31.3,20.0,Hot,Medium,Yes,No,High
1222,2024-02-20 21:00:00,Commercial,E-Bike,6.55,41.9,28.4,Rainy,Medium,No,No,Medium
1223,2024-02-20 22:00:00,Commercial,E-Bike,8.03,57.5,23.4,Foggy,Low,Yes,Yes,High
1224,2024-02-20 23:00:00,Commercial,E-Bike,0.72,20.1,27.2,Hot,High,No,No,Medium
1225,2024-02-21 00:00:00,Commercial,Bicycle,8.77,33.5,24.5,Clear,High,Yes,No,Medium
1226,2024-02-21 01:00:00,Residential,Bicycle,4.52,34.8,14.9,Hot,Low,Yes,No,Medium
1227,2024-02-21 02:00:00,Commercial,Bicycle,9.39,45.7,20.3,Rainy,Medium,No,No,Low
1228,2024-02-21 03:00:00,Tourist Area,Bicycle,7.12,22.2,18.5,Hot,High,No,Yes,High
1229,2024-02-21 04:00:00,Tourist Area,Bicycle,8.04,27.7,18.2,Hot,Medium,No,No,Low
1230,2024-02-21 05:00:00,Tourist Area,E-Scooter,9.87,52.4,28.8,Hot,High,Yes,No,Low
1231,2024-02-21 06:00:00,University Zone,Bicycle,2.06,21.1,9.7,Clear,Low,Yes,No,High
1232,2024-02-21 07:00:00,Tourist Area,E-Scooter,4.1,26.0,29.3,Hot,High,Yes,No,Low
1233,2024-02-21 08:00:00,Residential,E-Scooter,7.95,20.2,11.5,Foggy,Medium,Yes,Yes,High
1234,2024-02-21 09:00:00,Residential,Bicycle,6.71,28.2,11.3,Rainy,Low,Yes,No,High
1235,2024-02-21 10:00:00,Commercial,E-Scooter,5.5,18.2,20.4,Clear,Low,Yes,No,Low
1236,2024-02-21 11:00:00,Tourist Area,E-Scooter,7.68,5.8,15.6,Foggy,Low,Yes,Yes,Medium
1237,2024-02-21 12:00:00,Tourist Area,E-Scooter,8.22,42.4,28.1,Foggy,High,Yes,No,Low
1238,2024-02-21 13:00:00,Tourist Area,E-Scooter,5.35,27.9,13.7,Rainy,High,Yes,No,Medium
1239,2024-02-21 14:00:00,Residential,E-Bike,7.63,17.0,17.2,Rainy,High,Yes,No,Medium
1240,2024-02-21 15:00:00,Residential,Bicycle,6.06,47.4,9.1,Rainy,High,No,Yes,Low
1241,2024-02-21 16:00:00,Tourist Area,Bicycle,2.63,48.9,25.6,Clear,Low,Yes,No,High
1242,2024-02-21 17:00:00,Commercial,E-Bike,4.19,35.8,12.7,Clear,Medium,No,No,Medium
1243,2024-02-21 18:00:00,Commercial,E-Bike,7.48,5.6,18.9,Hot,Medium,Yes,No,Low
1244,2024-02-21 19:00:00,Residential,E-Bike,9.43,41.2,22.9,Foggy,Medium,No,No,Low
1245,2024-02-21 20:00:00,University Zone,E-Scooter,8.1,14.1,8.7,Rainy,Medium,Yes,No,Medium
1246,2024-02-21 21:00:00,Tourist Area,E-Bike,4.94,19.6,20.1,Hot,Medium,Yes,No,Low
1247,2024-02-21 22:00:00,Residential,E-Scooter,0.95,54.9,22.1,Foggy,Medium,Yes,No,Medium
1248,2024-02-21 23:00:00,Tourist Area,E-Scooter,1.14,28.7,13.2,Hot,High,Yes,No,Low
1249,2024-02-22 00:00:00,Residential,E-Scooter,2.71,20.4,13.8,Clear,Medium,Yes,No,High
1250,2024-02-22 01:00:00,Residential,E-Bike,4.7,15.7,21.7,Foggy,High,No,No,Low
1251,2024-02-22 02:00:00,IT Hub,E-Scooter,2.75,47.6,22.4,Rainy,Medium,Yes,No,Low
1252,2024-02-22 03:00:00,University Zone,E-Bike,8.34,8.5,10.3,Hot,Medium,No,Yes,Medium
1253,2024-02-22 04:00:00,Residential,E-Scooter,2.51,30.5,21.8,Hot,Medium,Yes,No,Low
1254,2024-02-22 05:00:00,IT Hub,Bicycle,8.98,56.1,26.7,Foggy,Medium,Yes,No,Low
1255,2024-02-22 06:00:00,Residential,Bicycle,2.58,51.0,20.7,Clear,High,Yes,No,High
1256,2024-02-22 07:00:00,IT Hub,Bicycle,4.2,38.5,26.3,Clear,Low,No,No,Low
1257,2024-02-22 08:00:00,IT Hub,E-Bike,2.0,22.6,27.7,Rainy,High,No,No,Medium
1258,2024-02-22 09:00:00,University Zone,E-Bike,9.38,43.0,22.8,Clear,High,No,No,Low
1259,2024-02-22 10:00:00,Tourist Area,E-Bike,3.92,48.9,24.6,Rainy,High,No,No,Low
1260,2024-02-22 11:00:00,Tourist Area,Bicycle,2.74,29.5,8.2,Rainy,High,Yes,No,Low
1261,2024-02-22 12:00:00,IT Hub,E-Bike,7.01,23.2,11.2,Foggy,High,Yes,No,Low
1262,2024-02-22 13:00:00,Residential,Bicycle,1.37,36.7,22.8,Rainy,Medium,No,No,Medium
1263,2024-02-22 14:00:00,University Zone,E-Scooter,9.24,28.3,25.1,Foggy,Medium,Yes,No,Low
1264,2024-02-22 15:00:00,University Zone,Bicycle,8.12,31.9,21.0,Foggy,Low,No,No,Medium
1265,2024-02-22 16:00:00,University Zone,Bicycle,9.49,7.8,27.9,Foggy,High,Yes,No,Low
1266,2024-02-22 17:00:00,Residential,E-Scooter,4.31,46.7,29.5,Clear,Low,Yes,No,Medium
1267,2024-02-22 18:00:00,Tourist Area,E-Scooter,4.35,50.5,12.1,Clear,Medium,Yes,No,Low
1268,2024-02-22 19:00:00,University Zone,Bicycle,4.34,59.3,26.6,Rainy,High,Yes,No,Low
1269,2024-02-22 20:00:00,Tourist Area,E-Bike,8.64,56.1,24.0,Hot,Medium,No,No,High
1270,2024-02-22 21:00:00,Tourist Area,E-Bike,5.37,43.8,18.3,Rainy,Low,Yes,No,Low
1271,2024-02-22 22:00:00,Residential,E-Bike,5.52,19.1,17.3,Clear,High,Yes,No,High
1272,2024-02-22 23:00:00,Commercial,E-Bike,2.1,52.3,9.0,Rainy,Medium,Yes,No,Low
1273,2024-02-23 00:00:00,Tourist Area,E-Bike,6.43,45.6,18.1,Foggy,High,Yes,No,Low
1274,2024-02-23 01:00:00,University Zone,Bicycle,0.59,13.4,19.7,Hot,Low,Yes,No,Medium
1275,2024-02-23 02:00:00,Residential,E-Scooter,1.4,47.9,19.6,Clear,Low,Yes,No,High
1276,2024-02-23 03:00:00,Residential,Bicycle,2.41,32.0,25.2,Hot,High,Yes,No,High
1277,2024-02-23 04:00:00,Residential,E-Bike,4.86,57.2,23.7,Hot,High,Yes,No,Low
1278,2024-02-23 05:00:00,University Zone,Bicycle,4.26,16.7,24.7,Rainy,Medium,Yes,Yes,Low
1279,2024-02-23 06:00:00,IT Hub,E-Bike,1.11,46.9,11.4,Hot,Low,No,No,High
1280,2024-02-23 07:00:00,Residential,E-Scooter,6.9,24.0,20.3,Hot,Low,Yes,No,Medium
1281,2024-02-23 08:00:00,Tourist Area,E-Bike,1.9,58.0,8.4,Rainy,High,No,No,High
1282,2024-02-23 09:00:00,Residential,E-Bike,1.97,31.8,15.4,Clear,Low,Yes,No,Medium
1283,2024-02-23 10:00:00,IT Hub,Bicycle,8.63,50.1,15.1,Clear,High,Yes,No,Low
1284,2024-02-23 11:00:00,Tourist Area,E-Bike,2.65,37.4,29.4,Clear,Low,Yes,No,Low
1285,2024-02-23 12:00:00,Tourist Area,E-Scooter,2.73,25.7,25.8,Foggy,Medium,Yes,No,Low
1286,2024-02-23 13:00:00,Tourist Area,Bicycle,5.57,9.5,19.8,Hot,High,Yes,Yes,Low
1287,2024-02-23 14:00:00,Residential,Bicycle,3.86,36.7,27.5,Foggy,High,No,No,Low
1288,2024-02-23 15:00:00,Residential,E-Scooter,8.06,23.4,8.6,Hot,Low,Yes,No,Low
1289,2024-02-23 16:00:00,Tourist Area,E-Scooter,6.67,22.6,19.0,Clear,Medium,Yes,No,Medium
1290,2024-02-23 17:00:00,IT Hub,E-Scooter,6.0,52.4,11.0,Hot,High,No,No,High
1291,2024-02-23 18:00:00,Commercial,E-Scooter,8.07,35.2,22.5,Rainy,Low,No,No,Low
1292,2024-02-23 19:00:00,Tourist Area,Bicycle,6.6,29.5,12.1,Foggy,High,Yes,Yes,High
1293,2024-02-23 20:00:00,IT Hub,E-Scooter,7.59,57.2,17.8,Hot,Low,Yes,No,Low
1294,2024-02-23 21:00:00,IT Hub,E-Scooter,4.25,50.6,16.4,Rainy,Low,No,No,Low
1295,2024-02-23 22:00:00,IT Hub,E-Scooter,5.95,17.3,29.9,Clear,Medium,Yes,No,High
1296,2024-02-23 23:00:00,Tourist Area,E-Scooter,6.03,19.5,23.8,Foggy,Medium,Yes,No,Medium
1297,2024-02-24 00:00:00,Tourist Area,E-Bike,0.8,29.8,19.2,Foggy,Medium,No,No,Medium
1298,2024-02-24 01:00:00,Commercial,E-Bike,4.05,56.4,25.8,Foggy,High,No,Yes,High
1299,2024-02-24 02:00:00,IT Hub,E-Scooter,4.32,8.2,25.2,Clear,Low,No,No,Low
1300,2024-02-24 03:00:00,Residential,E-Bike,9.74,10.6,26.4,Clear,Low,Yes,No,Low
1301,2024-02-24 04:00:00,University Zone,Bicycle,3.13,27.8,11.5,Hot,Low,Yes,No,High
1302,2024-02-24 05:00:00,University Zone,E-Scooter,3.43,12.4,28.7,Foggy,High,No,No,Medium
1303,2024-02-24 06:00:00,IT Hub,E-Bike,5.59,42.2,16.1,Clear,Medium,No,No,Medium
1304,2024-02-24 07:00:00,University Zone,E-Scooter,0.86,32.3,11.5,Foggy,Medium,Yes,No,Low
1305,2024-02-24 08:00:00,University Zone,Bicycle,9.53,22.7,24.2,Foggy,High,No,Yes,Medium
1306,2024-02-24 09:00:00,Tourist Area,E-Bike,5.59,26.1,12.6,Hot,Low,Yes,No,High
1307,2024-02-24 10:00:00,Tourist Area,E-Scooter,8.15,40.3,25.9,Hot,High,Yes,No,High
1308,2024-02-24 11:00:00,Commercial,Bicycle,7.18,27.5,19.3,Hot,High,Yes,Yes,Low
1309,2024-02-24 12:00:00,IT Hub,E-Scooter,1.49,19.0,15.1,Hot,High,No,No,Low
1310,2024-02-24 13:00:00,University Zone,Bicycle,5.8,5.7,26.0,Hot,Low,Yes,No,High
1311,2024-02-24 14:00:00,Tourist Area,E-Scooter,5.57,41.0,15.1,Hot,High,Yes,No,Medium
1312,2024-02-24 15:00:00,University Zone,E-Scooter,3.08,51.0,9.3,Hot,Low,Yes,No,Medium
1313,2024-02-24 16:00:00,University Zone,E-Bike,3.56,7.4,8.2,Rainy,Low,No,No,Low
1314,2024-02-24 17:00:00,Residential,E-Scooter,9.25,54.2,17.9,Clear,High,No,No,Low
1315,2024-02-24 18:00:00,IT Hub,Bicycle,9.35,46.9,17.7,Foggy,Medium,Yes,No,Low
1316,2024-02-24 19:00:00,Tourist Area,Bicycle,8.79,39.4,18.0,Foggy,High,Yes,No,Medium
1317,2024-02-24 20:00:00,Tourist Area,Bicycle,7.99,29.6,19.4,Hot,High,No,No,High
1318,2024-02-24 21:00:00,Residential,E-Bike,4.45,47.2,12.3,Hot,High,Yes,Yes,Medium
1319,2024-02-24 22:00:00,Tourist Area,E-Scooter,2.0,12.8,17.4,Rainy,High,Yes,No,Medium
1320,2024-02-24 23:00:00,Residential,E-Bike,9.85,6.8,16.8,Hot,Low,Yes,No,Low
1321,2024-02-25 00:00:00,IT Hub,Bicycle,3.66,26.5,14.7,Foggy,High,Yes,No,Low
1322,2024-02-25 01:00:00,Commercial,E-Bike,0.99,15.0,22.9,Foggy,Medium,Yes,No,Low
1323,2024-02-25 02:00:00,University Zone,E-Scooter,6.03,53.0,19.4,Hot,High,No,No,Low
1324,2024-02-25 03:00:00,Commercial,Bicycle,4.44,13.6,11.4,Clear,Low,Yes,No,Low
1325,2024-02-25 04:00:00,Residential,Bicycle,6.34,31.4,12.4,Hot,Medium,No,No,Medium
1326,2024-02-25 05:00:00,University Zone,E-Scooter,7.15,38.9,15.5,Foggy,High,Yes,No,Low
1327,2024-02-25 06:00:00,University Zone,E-Scooter,4.83,35.8,13.6,Hot,Low,No,No,Medium
1328,2024-02-25 07:00:00,IT Hub,E-Scooter,5.18,8.8,12.7,Foggy,High,No,No,Low
1329,2024-02-25 08:00:00,University Zone,Bicycle,2.82,7.4,24.9,Rainy,Medium,Yes,No,Low
1330,2024-02-25 09:00:00,University Zone,E-Bike,6.69,33.3,18.2,Foggy,Medium,No,No,Low
1331,2024-02-25 10:00:00,Residential,E-Bike,4.91,32.3,23.2,Foggy,Low,Yes,No,Low
1332,2024-02-25 11:00:00,Residential,E-Scooter,7.9,8.0,17.3,Clear,Medium,No,No,High
1333,2024-02-25 12:00:00,Residential,Bicycle,9.02,53.5,27.7,Foggy,Low,Yes,Yes,Low
1334,2024-02-25 13:00:00,University Zone,Bicycle,6.07,57.2,27.3,Foggy,Medium,Yes,No,High
1335,2024-02-25 14:00:00,IT Hub,Bicycle,9.92,18.1,21.4,Foggy,Medium,Yes,No,Medium
1336,2024-02-25 15:00:00,Residential,E-Bike,1.49,46.8,18.3,Rainy,Medium,Yes,No,Low
1337,2024-02-25 16:00:00,University Zone,E-Bike,6.05,11.0,19.6,Clear,High,No,No,Low
1338,2024-02-25 17:00:00,Residential,Bicycle,1.9,54.1,21.4,Rainy,Medium,No,Yes,Low
1339,2024-02-25 18:00:00,IT Hub,Bicycle,1.9,13.2,16.9,Clear,Low,Yes,No,Low
1340,2024-02-25 19:00:00,University Zone,Bicycle,5.35,13.4,9.7,Clear,High,No,No,Low
1341,2024-02-25 20:00:00,Residential,E-Bike,7.35,50.2,17.0,Rainy,Low,Yes,No,Medium
1342,2024-02-25 21:00:00,IT Hub,E-Bike,3.06,56.8,23.8,Rainy,Low,No,No,Medium
1343,2024-02-25 22:00:00,Residential,Bicycle,6.36,55.1,19.6,Foggy,Medium,No,No,Low
1344,2024-02-25 23:00:00,Commercial,E-Bike,7.71,50.8,21.9,Foggy,Low,Yes,No,Medium
1345,2024-02-26 00:00:00,University Zone,Bicycle,3.53,18.5,16.6,Clear,High,Yes,No,Low
1346,2024-02-26 01:00:00,Tourist Area,E-Bike,2.02,30.2,21.4,Clear,High,Yes,No,High
1347,2024-02-26 02:00:00,University Zone,Bicycle,8.12,21.7,23.1,Foggy,Low,Yes,No,High
1348,2024-02-26 03:00:00,Commercial,E-Bike,2.38,51.5,10.9,Rainy,High,Yes,No,Medium
1349,2024-02-26 04:00:00,Tourist Area,E-Bike,0.85,36.9,16.3,Foggy,High,No,No,Low
1350,2024-02-26 05:00:00,Tourist Area,E-Scooter,1.94,42.7,15.0,Hot,High,No,No,High
1351,2024-02-26 06:00:00,Residential,Bicycle,7.49,8.3,23.7,Foggy,Low,Yes,No,High
1352,2024-02-26 07:00:00,Tourist Area,Bicycle,1.92,54.1,11.0,Rainy,Low,No,No,Medium
1353,2024-02-26 08:00:00,University Zone,E-Scooter,6.83,25.2,20.4,Clear,High,Yes,No,Low
1354,2024-02-26 09:00:00,IT Hub,E-Bike,8.47,40.8,15.0,Rainy,Low,Yes,No,Low
1355,2024-02-26 10:00:00,Commercial,E-Scooter,4.72,26.2,18.0,Rainy,Medium,Yes,No,Medium
1356,2024-02-26 11:00:00,Residential,E-Scooter,1.19,37.3,22.7,Clear,Medium,Yes,No,High
1357,2024-02-26 12:00:00,IT Hub,Bicycle,6.29,13.4,28.0,Rainy,High,No,No,High
1358,2024-02-26 13:00:00,Tourist Area,E-Scooter,5.42,31.6,13.9,Foggy,High,No,No,Low
1359,2024-02-26 14:00:00,Residential,E-Bike,6.61,10.3,22.2,Clear,High,No,No,High
1360,2024-02-26 15:00:00,Residential,Bicycle,9.75,39.2,12.2,Rainy,High,No,No,High
1361,2024-02-26 16:00:00,Commercial,E-Scooter,10.0,26.7,24.1,Foggy,High,Yes,No,Low
1362,2024-02-26 17:00:00,Commercial,E-Bike,8.37,26.5,19.3,Rainy,Low,Yes,No,Low
1363,2024-02-26 18:00:00,Residential,E-Scooter,6.06,36.1,27.7,Rainy,Medium,Yes,Yes,Low
1364,2024-02-26 19:00:00,Residential,E-Bike,5.76,51.2,17.9,Rainy,Low,Yes,No,Low
1365,2024-02-26 20:00:00,Tourist Area,E-Scooter,4.67,9.7,10.2,Rainy,Medium,Yes,No,Low
1366,2024-02-26 21:00:00,Tourist Area,Bicycle,5.73,16.0,26.6,Hot,Medium,Yes,No,Low
1367,2024-02-26 22:00:00,University Zone,Bicycle,8.13,10.0,27.3,Clear,High,Yes,No,High
1368,2024-02-26 23:00:00,Residential,E-Bike,8.86,29.4,10.1,Clear,Low,No,No,Low
1369,2024-02-27 00:00:00,Tourist Area,Bicycle,2.48,44.5,27.8,Foggy,Medium,No,No,Low
1370,2024-02-27 01:00:00,Commercial,E-Bike,4.41,49.4,28.4,Foggy,High,No,Yes,High
1371,2024-02-27 02:00:00,University Zone,E-Scooter,8.19,27.5,18.2,Foggy,Medium,No,Yes,Medium
1372,2024-02-27 03:00:00,IT Hub,Bicycle,4.58,30.0,15.8,Hot,High,Yes,No,Low
1373,2024-02-27 04:00:00,University Zone,E-Bike,1.23,9.3,13.0,Hot,Medium,No,No,Low
1374,2024-02-27 05:00:00,Commercial,Bicycle,6.54,48.2,14.2,Clear,Low,Yes,No,High
1375,2024-02-27 06:00:00,Residential,E-Scooter,7.06,55.0,24.1,Foggy,Low,No,No,Medium
1376,2024-02-27 07:00:00,IT Hub,E-Bike,2.89,55.8,28.2,Hot,Medium,Yes,No,Medium
1377,2024-02-27 08:00:00,University Zone,Bicycle,8.36,53.2,9.4,Foggy,High,Yes,No,Low
1378,2024-02-27 09:00:00,Tourist Area,E-Scooter,4.29,10.2,26.2,Clear,Low,Yes,No,Medium
1379,2024-02-27 10:00:00,Residential,Bicycle,0.53,5.5,10.5,Hot,Low,Yes,Yes,High
1380,2024-02-27 11:00:00,Residential,E-Scooter,3.42,15.3,18.9,Rainy,Medium,Yes,Yes,Low
1381,2024-02-27 12:00:00,University Zone,Bicycle,1.92,48.4,12.9,Clear,Medium,No,No,Medium
1382,2024-02-27 13:00:00,IT Hub,Bicycle,5.12,24.1,17.3,Hot,Low,No,No,Medium
1383,2024-02-27 14:00:00,IT Hub,E-Bike,8.07,38.1,14.4,Foggy,Medium,No,No,High
1384,2024-02-27 15:00:00,Tourist Area,E-Scooter,7.61,47.3,21.1,Hot,High,Yes,No,Low
1385,2024-02-27 16:00:00,Commercial,E-Bike,2.63,58.2,8.9,Rainy,High,No,No,Medium
1386,2024-02-27 17:00:00,Commercial,Bicycle,1.75,50.8,29.0,Hot,Low,Yes,No,Low
1387,2024-02-27 18:00:00,Tourist Area,E-Scooter,1.25,59.0,26.2,Rainy,High,Yes,Yes,Low
1388,2024-02-27 19:00:00,IT Hub,Bicycle,8.99,21.4,18.7,Rainy,Medium,Yes,No,Low
1389,2024-02-27 20:00:00,Tourist Area,E-Bike,6.99,51.0,14.3,Foggy,Low,No,No,Medium
1390,2024-02-27 21:00:00,University Zone,E-Scooter,6.49,41.0,12.2,Rainy,High,No,No,Medium
1391,2024-02-27 22:00:00,Residential,E-Bike,8.95,56.3,27.2,Clear,High,No,No,Medium
1392,2024-02-27 23:00:00,University Zone,Bicycle,9.42,56.4,25.3,Hot,Medium,Yes,No,Low
1393,2024-02-28 00:00:00,University Zone,E-Bike,2.24,37.9,20.6,Hot,High,No,Yes,Low
1394,2024-02-28 01:00:00,IT Hub,Bicycle,5.95,54.1,21.6,Rainy,Low,No,No,Low
1395,2024-02-28 02:00:00,Residential,E-Scooter,2.76,36.8,29.7,Clear,High,Yes,No,Medium
1396,2024-02-28 03:00:00,Commercial,E-Scooter,1.04,49.2,17.2,Hot,High,Yes,No,Medium
1397,2024-02-28 04:00:00,IT Hub,E-Scooter,4.6,55.6,14.5,Hot,Low,Yes,No,Low
1398,2024-02-28 05:00:00,IT Hub,E-Bike,8.81,57.7,29.7,Rainy,High,No,No,Medium
1399,2024-02-28 06:00:00,University Zone,E-Bike,1.06,45.9,21.9,Hot,Low,Yes,No,Medium
1400,2024-02-28 07:00:00,Residential,E-Bike,6.21,26.9,29.5,Clear,High,Yes,No,High
1401,2024-02-28 08:00:00,University Zone,E-Scooter,4.81,28.7,9.2,Hot,Low,Yes,No,Medium
1402,2024-02-28 09:00:00,University Zone,Bicycle,0.67,30.3,22.1,Foggy,High,No,Yes,Medium
1403,2024-02-28 10:00:00,Residential,E-Scooter,1.36,18.1,22.1,Rainy,High,No,No,High
1404,2024-02-28 11:00:00,IT Hub,Bicycle,4.0,52.8,16.5,Hot,Medium,No,Yes,Medium
1405,2024-02-28 12:00:00,Commercial,E-Bike,4.27,7.6,15.8,Rainy,High,Yes,No,Medium
1406,2024-02-28 13:00:00,IT Hub,E-Scooter,2.56,40.2,23.3,Clear,Low,No,No,Low
1407,2024-02-28 14:00:00,IT Hub,E-Scooter,4.54,8.7,14.1,Rainy,Medium,Yes,No,Low
1408,2024-02-28 15:00:00,IT Hub,E-Scooter,4.84,38.9,23.1,Clear,High,Yes,No,Medium
1409,2024-02-28 16:00:00,Residential,E-Scooter,6.09,17.8,9.7,Hot,Low,No,No,Low
1410,2024-02-28 17:00:00,IT Hub,E-Scooter,4.55,9.7,20.4,Hot,Medium,No,No,Low
1411,2024-02-28 18:00:00,Residential,E-Scooter,4.53,59.9,18.7,Rainy,High,Yes,No,Low
1412,2024-02-28 19:00:00,Residential,E-Bike,5.08,25.2,30.0,Hot,Low,Yes,Yes,High
1413,2024-02-28 20:00:00,Commercial,E-Bike,3.61,26.4,27.4,Clear,Low,Yes,No,Low
1414,2024-02-28 21:00:00,University Zone,E-Bike,4.67,7.7,22.0,Hot,High,Yes,No,High
1415,2024-02-28 22:00:00,Residential,E-Scooter,0.77,17.0,12.7,Hot,Low,Yes,No,Medium
1416,2024-02-28 23:00:00,Commercial,E-Bike,2.96,34.2,18.0,Foggy,Medium,No,No,Low
1417,2024-02-29 00:00:00,University Zone,Bicycle,6.7,8.3,21.4,Hot,Medium,No,No,Medium
1418,2024-02-29 01:00:00,Residential,E-Bike,7.5,51.2,17.0,Rainy,Medium,Yes,No,Low
1419,2024-02-29 02:00:00,Tourist Area,Bicycle,3.2,44.8,20.8,Foggy,High,Yes,No,Low
1420,2024-02-29 03:00:00,University Zone,Bicycle,3.91,29.4,17.1,Hot,High,Yes,No,Low
1421,2024-02-29 04:00:00,University Zone,E-Bike,1.32,17.1,24.7,Hot,Medium,No,No,Low
1422,2024-02-29 05:00:00,IT Hub,E-Bike,1.06,38.9,11.9,Hot,Medium,Yes,No,Medium
1423,2024-02-29 06:00:00,University Zone,Bicycle,6.66,58.4,16.0,Clear,Low,Yes,No,Low
1424,2024-02-29 07:00:00,Tourist Area,Bicycle,8.63,34.0,17.8,Rainy,Low,Yes,No,Low
1425,2024-02-29 08:00:00,Commercial,Bicycle,5.13,13.8,14.6,Clear,Medium,Yes,No,High
1426,2024-02-29 09:00:00,IT Hub,Bicycle,4.31,59.8,25.7,Foggy,Medium,No,No,Low
1427,2024-02-29 10:00:00,Commercial,E-Scooter,7.66,29.6,28.4,Clear,Low,No,No,Low
1428,2024-02-29 11:00:00,Residential,E-Scooter,3.27,43.5,29.5,Hot,High,Yes,No,Low
1429,2024-02-29 12:00:00,University Zone,E-Scooter,5.01,18.2,26.3,Hot,Medium,Yes,No,Low
1430,2024-02-29 13:00:00,Commercial,Bicycle,8.57,15.5,28.2,Foggy,High,No,No,Low
1431,2024-02-29 14:00:00,IT Hub,Bicycle,4.83,51.8,26.3,Rainy,Medium,Yes,No,Low
1432,2024-02-29 15:00:00,Commercial,E-Scooter,9.15,32.9,25.0,Hot,Medium,Yes,No,Medium
1433,2024-02-29 16:00:00,Commercial,E-Bike,9.0,16.1,29.9,Rainy,Medium,Yes,No,Low
1434,2024-02-29 17:00:00,Commercial,E-Bike,0.61,18.4,21.0,Hot,Medium,Yes,No,High
1435,2024-02-29 18:00:00,Residential,E-Bike,6.5,27.6,19.4,Foggy,High,No,No,High
1436,2024-02-29 19:00:00,IT Hub,E-Scooter,4.26,30.3,27.6,Clear,Low,No,No,Medium
1437,2024-02-29 20:00:00,Residential,Bicycle,7.58,43.4,10.8,Clear,High,Yes,No,Medium
1438,2024-02-29 21:00:00,IT Hub,E-Bike,5.76,55.2,20.0,Clear,Medium,Yes,Yes,High
1439,2024-02-29 22:00:00,University Zone,Bicycle,5.68,23.4,9.7,Hot,High,Yes,No,Medium
1440,2024-02-29 23:00:00,Tourist Area,E-Bike,1.78,49.5,24.9,Hot,Medium,No,No,High
1441,2024-03-01 00:00:00,Residential,E-Scooter,3.42,33.5,29.0,Hot,Medium,Yes,No,Medium
1442,2024-03-01 01:00:00,Residential,Bicycle,4.14,16.0,21.4,Clear,High,Yes,No,High
1443,2024-03-01 02:00:00,Tourist Area,E-Bike,5.29,18.1,12.5,Rainy,High,No,No,Medium
1444,2024-03-01 03:00:00,Tourist Area,E-Bike,6.77,30.7,27.0,Clear,Medium,No,Yes,Low
1445,2024-03-01 04:00:00,IT Hub,Bicycle,4.94,13.1,9.0,Foggy,Medium,No,No,Low
1446,2024-03-01 05:00:00,IT Hub,Bicycle,6.57,22.4,27.2,Clear,High,Yes,No,Low
1447,2024-03-01 06:00:00,Commercial,Bicycle,7.74,40.6,23.5,Foggy,High,Yes,No,High
1448,2024-03-01 07:00:00,Commercial,Bicycle,6.94,6.2,23.7,Clear,Low,No,No,Medium
1449,2024-03-01 08:00:00,University Zone,E-Bike,0.87,13.5,10.8,Foggy,Low,Yes,No,Medium
1450,2024-03-01 09:00:00,Tourist Area,E-Scooter,9.74,54.7,26.9,Hot,Low,No,No,Low
1451,2024-03-01 10:00:00,Tourist Area,Bicycle,0.97,29.2,9.0,Foggy,Medium,No,Yes,Low
1452,2024-03-01 11:00:00,University Zone,E-Scooter,2.88,33.5,26.6,Foggy,High,No,No,Medium
1453,2024-03-01 12:00:00,IT Hub,E-Scooter,8.89,17.7,23.7,Clear,Medium,Yes,No,High
1454,2024-03-01 13:00:00,Commercial,E-Bike,6.98,57.5,28.0,Foggy,Low,Yes,No,High
1455,2024-03-01 14:00:00,Commercial,E-Bike,2.06,40.0,11.2,Hot,Low,Yes,No,Medium
1456,2024-03-01 15:00:00,IT Hub,Bicycle,9.29,34.4,15.0,Rainy,Low,Yes,No,Low
1457,2024-03-01 16:00:00,Tourist Area,E-Scooter,7.35,14.3,29.2,Rainy,High,Yes,No,Low
1458,2024-03-01 17:00:00,Commercial,Bicycle,6.44,59.9,8.5,Hot,Low,Yes,No,Low
1459,2024-03-01 18:00:00,Tourist Area,E-Bike,5.9,31.1,12.7,Rainy,Low,No,No,High
1460,2024-03-01 19:00:00,University Zone,E-Scooter,8.64,48.2,24.4,Foggy,High,Yes,No,Medium
1461,2024-03-01 20:00:00,Commercial,E-Scooter,8.01,22.7,8.8,Rainy,Low,Yes,No,Low
1462,2024-03-01 21:00:00,University Zone,E-Bike,6.89,8.2,27.1,Hot,Medium,Yes,No,Low
1463,2024-03-01 22:00:00,Tourist Area,E-Bike,4.88,15.1,25.4,Clear,Low,No,No,Low
1464,2024-03-01 23:00:00,Tourist Area,E-Bike,4.64,20.0,23.4,Foggy,High,Yes,No,Low
1465,2024-03-02 00:00:00,University Zone,E-Bike,3.61,13.6,10.5,Foggy,High,Yes,No,Low
1466,2024-03-02 01:00:00,Tourist Area,E-Bike,7.34,50.6,8.6,Foggy,High,No,No,Low
1467,2024-03-02 02:00:00,Residential,E-Bike,7.6,8.8,29.3,Hot,Low,No,Yes,Medium
1468,2024-03-02 03:00:00,Commercial,E-Scooter,8.74,6.2,23.8,Foggy,Low,No,No,Low
1469,2024-03-02 04:00:00,Tourist Area,E-Scooter,1.5,35.1,22.4,Foggy,High,No,No,High
1470,2024-03-02 05:00:00,IT Hub,E-Scooter,1.72,38.2,19.8,Hot,High,Yes,No,Medium
1471,2024-03-02 06:00:00,IT Hub,Bicycle,1.8,55.4,19.1,Hot,Medium,Yes,No,Low
1472,2024-03-02 07:00:00,University Zone,Bicycle,0.89,24.5,9.5,Foggy,Low,Yes,No,Low
1473,2024-03-02 08:00:00,IT Hub,E-Scooter,2.92,16.9,21.4,Foggy,Low,No,No,Low
1474,2024-03-02 09:00:00,Tourist Area,E-Bike,1.5,20.4,24.1,Hot,Medium,Yes,No,Low
1475,2024-03-02 10:00:00,Tourist Area,E-Scooter,3.99,42.4,27.6,Hot,Medium,Yes,No,Medium
1476,2024-03-02 11:00:00,University Zone,Bicycle,5.87,11.3,18.3,Foggy,Medium,Yes,No,High
1477,2024-03-02 12:00:00,Commercial,Bicycle,2.3,56.4,18.6,Foggy,Medium,No,No,High
1478,2024-03-02 13:00:00,Commercial,Bicycle,3.48,21.4,25.9,Hot,Low,Yes,Yes,Low
1479,2024-03-02 14:00:00,Commercial,Bicycle,4.48,48.4,26.4,Rainy,Low,No,No,Medium
1480,2024-03-02 15:00:00,Tourist Area,E-Bike,6.5,21.3,8.6,Clear,Medium,Yes,No,Low
1481,2024-03-02 16:00:00,IT Hub,E-Scooter,6.34,20.6,17.9,Rainy,High,No,Yes,Low
1482,2024-03-02 17:00:00,University Zone,E-Bike,9.56,59.8,28.0,Clear,Medium,No,No,Medium
1483,2024-03-02 18:00:00,Residential,Bicycle,9.84,39.7,8.3,Foggy,Low,No,No,Low
1484,2024-03-02 19:00:00,Tourist Area,Bicycle,8.07,7.9,29.9,Clear,Low,No,No,Low
1485,2024-03-02 20:00:00,Tourist Area,E-Scooter,3.89,32.8,14.8,Rainy,Medium,Yes,No,High
1486,2024-03-02 21:00:00,University Zone,E-Bike,9.49,38.6,9.3,Foggy,High,Yes,No,Low
1487,2024-03-02 22:00:00,IT Hub,E-Scooter,3.12,9.0,21.2,Clear,High,Yes,No,High
1488,2024-03-02 23:00:00,Residential,Bicycle,1.53,43.4,22.9,Foggy,High,No,No,Low
1489,2024-03-03 00:00:00,IT Hub,E-Scooter,1.46,9.4,25.5,Hot,High,No,No,Medium
1490,2024-03-03 01:00:00,Residential,Bicycle,0.57,24.3,22.9,Hot,High,Yes,No,High
1491,2024-03-03 02:00:00,IT Hub,E-Scooter,3.05,30.4,25.6,Clear,Low,Yes,Yes,Low
1492,2024-03-03 03:00:00,Commercial,E-Scooter,1.61,59.2,27.9,Clear,Medium,Yes,No,Medium
1493,2024-03-03 04:00:00,Commercial,E-Scooter,1.67,35.0,20.7,Hot,Medium,No,No,High
1494,2024-03-03 05:00:00,Residential,Bicycle,9.34,29.2,18.5,Foggy,High,Yes,No,Medium
1495,2024-03-03 06:00:00,Tourist Area,E-Scooter,2.84,49.7,11.3,Clear,Medium,No,No,Low
1496,2024-03-03 07:00:00,Commercial,E-Scooter,0.94,24.7,19.6,Foggy,High,Yes,No,Low
1497,2024-03-03 08:00:00,University Zone,E-Bike,6.48,24.5,29.3,Clear,Medium,Yes,No,Medium
1498,2024-03-03 09:00:00,University Zone,Bicycle,5.6,7.3,12.1,Foggy,Low,Yes,No,Low
1499,2024-03-03 10:00:00,IT Hub,E-Bike,1.8,16.4,9.1,Clear,High,No,No,High
1500,2024-03-03 11:00:00,Commercial,E-Scooter,5.53,45.6,20.2,Clear,High,Yes,Yes,Low
1501,2024-03-03 12:00:00,Tourist Area,Bicycle,4.72,24.8,29.2,Foggy,High,Yes,No,High
1502,2024-03-03 13:00:00,IT Hub,E-Scooter,4.8,17.1,10.9,Foggy,Medium,Yes,No,Medium
1503,2024-03-03 14:00:00,University Zone,E-Scooter,1.49,37.3,27.1,Rainy,High,Yes,No,Low
1504,2024-03-03 15:00:00,IT Hub,Bicycle,8.7,10.8,22.8,Rainy,High,No,No,Medium
1505,2024-03-03 16:00:00,Residential,E-Scooter,7.24,46.4,25.8,Foggy,High,Yes,No,Low
1506,2024-03-03 17:00:00,IT Hub,E-Scooter,8.64,44.7,27.1,Rainy,Low,Yes,No,Medium
1507,2024-03-03 18:00:00,IT Hub,Bicycle,5.45,30.6,8.2,Foggy,Medium,Yes,No,Low
1508,2024-03-03 19:00:00,Tourist Area,E-Bike,9.46,18.1,21.5,Foggy,Low,No,Yes,Low
1509,2024-03-03 20:00:00,Commercial,E-Bike,4.28,13.5,24.2,Rainy,Medium,No,No,Medium
1510,2024-03-03 21:00:00,University Zone,Bicycle,7.18,58.2,24.6,Clear,High,Yes,Yes,Low
1511,2024-03-03 22:00:00,IT Hub,E-Scooter,9.98,15.1,13.8,Clear,Low,Yes,No,Low
1512,2024-03-03 23:00:00,Commercial,E-Bike,5.58,32.1,12.3,Foggy,Low,Yes,No,Medium
1513,2024-03-04 00:00:00,University Zone,Bicycle,0.74,28.2,8.7,Rainy,High,No,No,Medium
1514,2024-03-04 01:00:00,Tourist Area,Bicycle,1.14,12.9,18.2,Rainy,Low,Yes,No,Medium
1515,2024-03-04 02:00:00,IT Hub,E-Bike,0.56,47.5,21.6,Clear,Low,Yes,No,Low
1516,2024-03-04 03:00:00,Commercial,Bicycle,5.8,16.3,8.3,Clear,Low,No,No,Low
1517,2024-03-04 04:00:00,IT Hub,E-Scooter,8.65,51.2,29.8,Clear,High,Yes,No,Low
1518,2024-03-04 05:00:00,Residential,E-Bike,8.89,27.7,14.9,Foggy,Low,Yes,Yes,Medium
1519,2024-03-04 06:00:00,Commercial,Bicycle,3.56,44.6,26.9,Clear,Medium,Yes,No,Low
1520,2024-03-04 07:00:00,IT Hub,Bicycle,4.89,55.9,16.6,Hot,Low,No,No,Low
1521,2024-03-04 08:00:00,Residential,Bicycle,5.54,46.2,22.4,Rainy,Low,No,No,Low
1522,2024-03-04 09:00:00,IT Hub,E-Bike,2.4,59.8,26.5,Foggy,High,No,No,High
1523,2024-03-04 10:00:00,IT Hub,Bicycle,6.14,28.2,11.9,Foggy,High,Yes,No,Low
1524,2024-03-04 11:00:00,IT Hub,E-Scooter,2.85,48.3,25.9,Foggy,High,Yes,No,Low
1525,2024-03-04 12:00:00,University Zone,E-Bike,1.81,44.6,21.2,Clear,Low,No,Yes,Low
1526,2024-03-04 13:00:00,IT Hub,E-Bike,4.27,13.0,29.3,Clear,Low,Yes,No,Medium
1527,2024-03-04 14:00:00,University Zone,E-Scooter,6.41,9.3,20.2,Rainy,High,Yes,No,Low
1528,2024-03-04 15:00:00,IT Hub,E-Scooter,6.95,5.2,20.0,Foggy,Medium,Yes,No,High
1529,2024-03-04 16:00:00,University Zone,E-Bike,4.16,20.3,17.2,Rainy,Medium,Yes,No,Low
1530,2024-03-04 17:00:00,IT Hub,E-Scooter,5.44,12.2,18.3,Hot,Low,Yes,Yes,Low
1531,2024-03-04 18:00:00,Residential,Bicycle,5.03,49.2,15.4,Clear,Low,Yes,Yes,Low
1532,2024-03-04 19:00:00,Tourist Area,E-Bike,5.59,50.7,24.5,Hot,High,Yes,No,High
1533,2024-03-04 20:00:00,Tourist Area,E-Scooter,1.71,32.2,10.1,Clear,Low,Yes,No,High
1534,2024-03-04 21:00:00,Commercial,E-Bike,7.17,49.6,12.6,Hot,Medium,No,No,Medium
1535,2024-03-04 22:00:00,IT Hub,E-Bike,7.18,36.1,9.5,Hot,Medium,No,Yes,Low
1536,2024-03-04 23:00:00,Commercial,E-Scooter,4.82,59.4,17.2,Clear,Low,Yes,No,Low
1537,2024-03-05 00:00:00,Residential,E-Bike,5.88,17.0,23.5,Foggy,Medium,No,No,Medium
1538,2024-03-05 01:00:00,University Zone,E-Scooter,5.66,38.3,29.6,Foggy,High,No,No,Low
1539,2024-03-05 02:00:00,IT Hub,Bicycle,4.9,37.1,21.1,Clear,Low,No,No,High
1540,2024-03-05 03:00:00,Residential,E-Bike,2.66,6.6,11.1,Hot,Low,Yes,No,Low
1541,2024-03-05 04:00:00,Commercial,E-Scooter,1.66,52.6,27.0,Clear,High,No,No,Low
1542,2024-03-05 05:00:00,IT Hub,E-Bike,4.49,46.8,26.3,Clear,Medium,No,Yes,High
1543,2024-03-05 06:00:00,Tourist Area,Bicycle,8.67,59.8,24.3,Hot,Low,Yes,No,Medium
1544,2024-03-05 07:00:00,Residential,E-Bike,3.41,53.8,18.6,Foggy,High,Yes,No,Low
1545,2024-03-05 08:00:00,IT Hub,E-Bike,6.61,31.2,15.2,Clear,Medium,Yes,No,High
1546,2024-03-05 09:00:00,Residential,E-Scooter,3.34,42.4,27.5,Foggy,High,Yes,No,Low
1547,2024-03-05 10:00:00,IT Hub,Bicycle,3.0,30.6,12.5,Clear,Medium,Yes,No,Low
1548,2024-03-05 11:00:00,Commercial,Bicycle,3.14,31.4,16.4,Foggy,Low,Yes,No,Low
1549,2024-03-05 12:00:00,IT Hub,E-Bike,5.29,23.4,11.4,Hot,High,No,No,Medium
1550,2024-03-05 13:00:00,Tourist Area,E-Scooter,1.74,34.7,9.6,Hot,High,Yes,No,Medium
1551,2024-03-05 14:00:00,Residential,E-Scooter,3.17,59.1,20.9,Foggy,High,Yes,No,Low
1552,2024-03-05 15:00:00,Commercial,E-Bike,6.25,37.5,17.6,Foggy,Low,Yes,No,Medium
1553,2024-03-05 16:00:00,Residential,E-Scooter,1.92,30.5,24.2,Rainy,Low,No,No,Low
1554,2024-03-05 17:00:00,Residential,E-Bike,4.27,6.6,18.9,Hot,Low,Yes,No,Medium
1555,2024-03-05 18:00:00,Commercial,Bicycle,1.17,38.3,22.4,Foggy,Low,No,No,Low
1556,2024-03-05 19:00:00,University Zone,E-Bike,2.01,35.0,21.6,Clear,High,Yes,No,Low
1557,2024-03-05 20:00:00,IT Hub,E-Bike,9.47,29.9,24.6,Clear,Medium,Yes,No,Low
1558,2024-03-05 21:00:00,IT Hub,E-Scooter,5.43,13.1,11.6,Clear,Low,No,No,Medium
1559,2024-03-05 22:00:00,Tourist Area,E-Bike,1.39,31.4,21.1,Foggy,High,Yes,No,Medium
1560,2024-03-05 23:00:00,IT Hub,Bicycle,2.76,11.4,13.2,Hot,Low,No,No,Low
1561,2024-03-06 00:00:00,Tourist Area,E-Scooter,8.27,59.1,8.6,Foggy,Low,No,No,Medium
1562,2024-03-06 01:00:00,University Zone,Bicycle,0.63,58.2,22.3,Rainy,Low,Yes,No,Medium
1563,2024-03-06 02:00:00,IT Hub,Bicycle,7.37,28.3,8.8,Hot,High,Yes,No,High
1564,2024-03-06 03:00:00,IT Hub,Bicycle,2.95,58.6,19.7,Foggy,Low,No,No,Low
1565,2024-03-06 04:00:00,Commercial,E-Scooter,3.97,25.4,23.9,Rainy,Low,No,No,High
1566,2024-03-06 05:00:00,Tourist Area,Bicycle,5.08,46.7,29.7,Foggy,High,Yes,No,Low
1567,2024-03-06 06:00:00,Tourist Area,Bicycle,7.38,14.4,27.0,Foggy,Low,Yes,No,Low
1568,2024-03-06 07:00:00,Commercial,E-Bike,9.46,31.2,21.8,Foggy,Medium,Yes,No,Low
1569,2024-03-06 08:00:00,IT Hub,E-Bike,8.99,44.9,22.6,Rainy,Medium,Yes,No,Low
1570,2024-03-06 09:00:00,Residential,E-Bike,8.06,13.1,25.0,Foggy,High,No,No,Medium
1571,2024-03-06 10:00:00,IT Hub,E-Scooter,2.89,28.2,9.9,Clear,Low,Yes,No,Medium
1572,2024-03-06 11:00:00,Commercial,E-Bike,8.81,56.9,23.4,Rainy,Medium,No,Yes,High
1573,2024-03-06 12:00:00,IT Hub,E-Scooter,0.75,37.0,26.3,Foggy,Medium,Yes,No,Low
1574,2024-03-06 13:00:00,IT Hub,Bicycle,3.78,46.3,24.4,Foggy,Low,No,No,Low
1575,2024-03-06 14:00:00,Commercial,E-Scooter,8.79,50.1,11.0,Foggy,Low,Yes,No,Medium
1576,2024-03-06 15:00:00,University Zone,E-Scooter,3.91,57.8,26.5,Hot,Low,Yes,No,Medium
1577,2024-03-06 16:00:00,University Zone,E-Bike,6.78,55.5,9.6,Hot,High,Yes,No,Low
1578,2024-03-06 17:00:00,Commercial,E-Bike,6.5,49.2,15.6,Rainy,Low,Yes,No,Low
1579,2024-03-06 18:00:00,Tourist Area,Bicycle,1.19,55.3,20.6,Rainy,Low,Yes,No,Low
1580,2024-03-06 19:00:00,IT Hub,Bicycle,8.31,38.2,22.3,Foggy,High,No,No,High
1581,2024-03-06 20:00:00,IT Hub,E-Bike,6.23,18.4,16.0,Foggy,Medium,No,No,Medium
1582,2024-03-06 21:00:00,University Zone,E-Scooter,1.59,54.4,12.2,Clear,Medium,No,No,Medium
1583,2024-03-06 22:00:00,Tourist Area,E-Scooter,4.53,55.6,8.4,Hot,Medium,No,No,Medium
1584,2024-03-06 23:00:00,Tourist Area,E-Scooter,2.03,33.7,9.1,Hot,Medium,Yes,Yes,Low
1585,2024-03-07 00:00:00,University Zone,E-Bike,5.09,19.6,28.5,Rainy,Low,Yes,No,High
1586,2024-03-07 01:00:00,University Zone,E-Scooter,1.29,46.1,14.2,Foggy,High,Yes,No,Low
1587,2024-03-07 02:00:00,IT Hub,E-Scooter,6.17,26.2,27.6,Clear,Medium,No,Yes,High
1588,2024-03-07 03:00:00,Residential,E-Bike,3.41,8.0,24.3,Hot,High,No,No,Low
1589,2024-03-07 04:00:00,Commercial,E-Bike,6.18,11.8,12.6,Rainy,High,Yes,Yes,High
1590,2024-03-07 05:00:00,IT Hub,Bicycle,9.75,43.5,21.9,Foggy,Medium,Yes,No,Low
1591,2024-03-07 06:00:00,IT Hub,Bicycle,7.71,55.3,27.5,Rainy,Medium,No,No,Low
1592,2024-03-07 07:00:00,IT Hub,E-Bike,5.12,13.7,27.8,Foggy,High,No,No,Medium
1593,2024-03-07 08:00:00,Residential,Bicycle,4.3,33.0,17.6,Foggy,High,Yes,No,High
1594,2024-03-07 09:00:00,Commercial,E-Bike,5.6,42.2,24.2,Foggy,Medium,Yes,No,Low
1595,2024-03-07 10:00:00,IT Hub,E-Bike,7.68,52.6,24.3,Hot,Medium,Yes,No,Low
1596,2024-03-07 11:00:00,IT Hub,E-Scooter,5.9,8.5,23.4,Rainy,Low,No,No,Low
1597,2024-03-07 12:00:00,University Zone,Bicycle,9.43,53.1,11.8,Hot,Low,No,No,Medium
1598,2024-03-07 13:00:00,University Zone,E-Scooter,8.33,8.0,29.8,Hot,Low,Yes,No,Low
1599,2024-03-07 14:00:00,IT Hub,Bicycle,9.41,29.6,21.5,Foggy,Low,Yes,No,Low
1600,2024-03-07 15:00:00,IT Hub,E-Scooter,0.71,6.5,16.3,Foggy,High,No,No,High
1601,2024-03-07 16:00:00,Tourist Area,Bicycle,0.75,49.6,11.9,Hot,Low,No,No,Medium
1602,2024-03-07 17:00:00,University Zone,E-Bike,8.84,55.6,28.3,Hot,High,Yes,No,Medium
1603,2024-03-07 18:00:00,Tourist Area,E-Bike,9.18,41.8,23.0,Hot,Medium,No,No,Low
1604,2024-03-07 19:00:00,Commercial,E-Bike,6.9,57.8,8.3,Rainy,Medium,Yes,No,Low
1605,2024-03-07 20:00:00,Residential,Bicycle,1.72,50.6,10.7,Foggy,Medium,Yes,No,Low
1606,2024-03-07 21:00:00,Tourist Area,E-Bike,0.67,15.1,14.0,Foggy,Medium,Yes,No,Low
1607,2024-03-07 22:00:00,Commercial,Bicycle,6.1,53.6,27.0,Foggy,Low,Yes,No,High
1608,2024-03-07 23:00:00,Tourist Area,Bicycle,5.09,8.3,15.7,Rainy,Medium,No,No,Medium
1609,2024-03-08 00:00:00,Commercial,E-Scooter,3.66,30.5,8.1,Rainy,High,Yes,No,Low
1610,2024-03-08 01:00:00,Tourist Area,E-Bike,8.79,24.7,24.1,Foggy,Low,Yes,No,Low
1611,2024-03-08 02:00:00,Residential,Bicycle,3.34,25.1,24.4,Hot,Medium,Yes,No,Low
1612,2024-03-08 03:00:00,Commercial,E-Bike,7.27,10.3,14.8,Clear,High,Yes,No,Low
1613,2024-03-08 04:00:00,IT Hub,E-Bike,2.47,57.2,23.3,Foggy,Low,No,No,Low
1614,2024-03-08 05:00:00,Tourist Area,E-Bike,2.95,49.3,15.2,Rainy,Low,Yes,No,Low
1615,2024-03-08 06:00:00,IT Hub,Bicycle,3.74,13.4,19.5,Hot,Medium,No,No,Medium
1616,2024-03-08 07:00:00,Commercial,E-Bike,4.26,19.5,22.9,Foggy,Medium,Yes,No,High
1617,2024-03-08 08:00:00,University Zone,E-Scooter,4.95,43.3,23.6,Foggy,High,Yes,No,Low
1618,2024-03-08 09:00:00,Commercial,E-Bike,6.34,25.5,13.1,Foggy,Low,No,No,Low
1619,2024-03-08 10:00:00,University Zone,E-Bike,6.56,16.6,13.0,Rainy,High,Yes,No,Medium
1620,2024-03-08 11:00:00,Residential,E-Bike,6.64,48.1,22.3,Foggy,Medium,Yes,Yes,Medium
1621,2024-03-08 12:00:00,Residential,E-Bike,2.38,24.3,11.7,Hot,Low,No,No,Low
1622,2024-03-08 13:00:00,IT Hub,E-Bike,1.39,33.1,8.3,Hot,Medium,No,No,Low
1623,2024-03-08 14:00:00,Tourist Area,E-Scooter,9.29,50.4,16.5,Foggy,Medium,Yes,No,High
1624,2024-03-08 15:00:00,IT Hub,E-Bike,8.93,31.5,13.2,Hot,High,Yes,No,High
1625,2024-03-08 16:00:00,IT Hub,E-Scooter,9.32,10.5,26.2,Clear,Medium,Yes,No,Medium
1626,2024-03-08 17:00:00,Commercial,E-Scooter,5.49,14.0,24.0,Rainy,High,Yes,No,Low
1627,2024-03-08 18:00:00,University Zone,E-Scooter,8.26,59.7,23.3,Clear,Low,No,No,Low
1628,2024-03-08 19:00:00,Commercial,Bicycle,5.0,37.3,10.2,Hot,High,Yes,No,Low
1629,2024-03-08 20:00:00,IT Hub,E-Bike,6.31,47.4,18.6,Hot,Low,Yes,No,Low
1630,2024-03-08 21:00:00,Residential,Bicycle,8.41,34.4,21.9,Foggy,Medium,No,No,High
1631,2024-03-08 22:00:00,Commercial,Bicycle,8.97,51.9,16.3,Rainy,Medium,No,No,High
1632,2024-03-08 23:00:00,Commercial,E-Scooter,6.86,32.6,27.3,Clear,Medium,No,No,Medium
1633,2024-03-09 00:00:00,Tourist Area,E-Bike,3.26,23.1,22.1,Hot,High,Yes,Yes,Low
1634,2024-03-09 01:00:00,University Zone,E-Scooter,8.68,24.4,24.9,Foggy,Low,No,No,Low
1635,2024-03-09 02:00:00,Tourist Area,E-Scooter,7.45,55.4,20.2,Foggy,High,No,No,Medium
1636,2024-03-09 03:00:00,Tourist Area,Bicycle,4.68,29.6,19.2,Foggy,Low,Yes,No,Low
1637,2024-03-09 04:00:00,Commercial,Bicycle,4.21,22.3,21.5,Hot,High,Yes,No,Low
1638,2024-03-09 05:00:00,Tourist Area,Bicycle,3.15,55.7,26.2,Rainy,Medium,Yes,No,Medium
1639,2024-03-09 06:00:00,Commercial,Bicycle,5.27,28.9,21.4,Hot,Medium,No,No,Low
1640,2024-03-09 07:00:00,IT Hub,E-Scooter,0.6,45.4,18.4,Rainy,High,Yes,No,High
1641,2024-03-09 08:00:00,Tourist Area,E-Scooter,9.07,21.4,24.3,Foggy,Medium,Yes,No,Low
1642,2024-03-09 09:00:00,Residential,E-Scooter,1.69,24.0,24.3,Rainy,Low,Yes,No,Medium
1643,2024-03-09 10:00:00,Tourist Area,E-Bike,3.25,20.6,9.0,Rainy,High,No,No,Low
1644,2024-03-09 11:00:00,Commercial,E-Scooter,9.38,6.1,27.1,Foggy,Medium,Yes,No,Low
1645,2024-03-09 12:00:00,Commercial,E-Scooter,5.25,11.9,13.8,Foggy,Medium,Yes,No,Low
1646,2024-03-09 13:00:00,Commercial,E-Scooter,6.96,14.2,26.6,Foggy,Low,Yes,No,Low
1647,2024-03-09 14:00:00,Commercial,E-Scooter,3.41,10.4,24.9,Clear,Medium,No,No,Medium
1648,2024-03-09 15:00:00,IT Hub,Bicycle,7.05,9.2,18.0,Clear,Medium,No,No,Low
1649,2024-03-09 16:00:00,IT Hub,Bicycle,4.39,37.9,13.4,Hot,Low,Yes,No,Medium
1650,2024-03-09 17:00:00,IT Hub,Bicycle,8.52,57.2,24.8,Foggy,Low,No,No,Medium
1651,2024-03-09 18:00:00,IT Hub,Bicycle,8.92,7.4,13.1,Rainy,High,No,No,Low
1652,2024-03-09 19:00:00,Commercial,E-Scooter,6.95,53.2,9.2,Clear,Low,Yes,Yes,Medium
1653,2024-03-09 20:00:00,Residential,Bicycle,9.4,49.9,17.7,Foggy,Medium,Yes,No,High
1654,2024-03-09 21:00:00,Residential,E-Scooter,4.28,44.8,11.8,Clear,Medium,No,No,Low
1655,2024-03-09 22:00:00,IT Hub,E-Scooter,8.4,18.6,27.8,Hot,Low,Yes,No,Low
1656,2024-03-09 23:00:00,Tourist Area,Bicycle,3.14,56.0,16.0,Clear,Low,Yes,No,Low
1657,2024-03-10 00:00:00,Residential,E-Scooter,8.07,20.7,29.4,Foggy,High,No,No,Low
1658,2024-03-10 01:00:00,Tourist Area,Bicycle,4.46,26.4,17.8,Hot,Low,Yes,No,High
1659,2024-03-10 02:00:00,Tourist Area,E-Scooter,7.44,25.7,18.9,Rainy,High,Yes,Yes,Low
1660,2024-03-10 03:00:00,Tourist Area,Bicycle,7.56,47.3,16.9,Foggy,Medium,Yes,No,Low
1661,2024-03-10 04:00:00,Residential,E-Bike,2.73,43.3,10.5,Rainy,High,No,No,High
1662,2024-03-10 05:00:00,University Zone,E-Scooter,8.0,20.0,18.4,Hot,Low,Yes,No,Low
1663,2024-03-10 06:00:00,Residential,E-Scooter,3.46,58.2,12.8,Hot,High,Yes,No,Low
1664,2024-03-10 07:00:00,University Zone,Bicycle,4.88,59.1,24.8,Rainy,High,Yes,No,Low
1665,2024-03-10 08:00:00,University Zone,Bicycle,9.91,25.5,23.0,Hot,Low,Yes,No,Low
1666,2024-03-10 09:00:00,Commercial,E-Bike,5.25,39.8,8.6,Rainy,Low,Yes,No,Low
1667,2024-03-10 10:00:00,Tourist Area,Bicycle,1.55,7.2,29.3,Foggy,High,Yes,No,Low
1668,2024-03-10 11:00:00,Tourist Area,E-Scooter,2.45,49.7,26.1,Clear,Medium,Yes,No,Medium
1669,2024-03-10 12:00:00,IT Hub,E-Bike,4.45,15.7,16.9,Rainy,Medium,No,No,High
1670,2024-03-10 13:00:00,Commercial,E-Bike,6.03,23.3,20.0,Foggy,Low,No,No,High
1671,2024-03-10 14:00:00,University Zone,E-Bike,7.13,19.7,21.6,Clear,High,No,No,Low
1672,2024-03-10 15:00:00,University Zone,E-Bike,0.78,18.4,23.0,Rainy,Low,No,No,Low
1673,2024-03-10 16:00:00,Tourist Area,Bicycle,6.3,59.5,17.3,Rainy,High,No,Yes,Medium
1674,2024-03-10 17:00:00,Residential,E-Scooter,2.66,21.2,14.7,Foggy,Medium,No,No,Low
1675,2024-03-10 18:00:00,Tourist Area,E-Scooter,5.8,55.7,11.2,Clear,Medium,No,Yes,Medium
1676,2024-03-10 19:00:00,University Zone,E-Bike,3.35,51.7,28.9,Hot,Medium,Yes,No,Low
1677,2024-03-10 20:00:00,Tourist Area,E-Scooter,3.63,35.9,24.4,Foggy,High,Yes,No,Medium
1678,2024-03-10 21:00:00,Residential,E-Scooter,1.33,45.1,14.1,Clear,High,No,No,Medium
1679,2024-03-10 22:00:00,Tourist Area,Bicycle,3.54,29.4,21.3,Rainy,Medium,No,No,High
1680,2024-03-10 23:00:00,University Zone,Bicycle,1.17,14.4,24.2,Foggy,Low,No,Yes,Medium
1681,2024-03-11 00:00:00,IT Hub,E-Bike,5.26,43.6,15.7,Foggy,Medium,Yes,No,High
1682,2024-03-11 01:00:00,University Zone,E-Bike,5.84,31.6,26.7,Rainy,Low,Yes,No,Medium
1683,2024-03-11 02:00:00,Tourist Area,E-Bike,2.83,22.1,27.5,Clear,Low,No,No,Low
1684,2024-03-11 03:00:00,IT Hub,E-Bike,1.46,30.9,11.4,Rainy,High,No,No,Medium
1685,2024-03-11 04:00:00,University Zone,E-Bike,7.85,32.3,14.4,Foggy,Medium,Yes,No,Low
1686,2024-03-11 05:00:00,Residential,Bicycle,5.75,13.2,13.4,Clear,High,Yes,No,High
1687,2024-03-11 06:00:00,Residential,E-Scooter,9.18,39.4,10.4,Foggy,High,No,Yes,Medium
1688,2024-03-11 07:00:00,University Zone,E-Bike,8.67,11.2,24.2,Foggy,Low,Yes,No,Low
1689,2024-03-11 08:00:00,Residential,Bicycle,9.53,54.7,9.9,Hot,Low,Yes,No,Low
1690,2024-03-11 09:00:00,IT Hub,E-Bike,4.31,52.5,24.4,Hot,High,Yes,No,Low
1691,2024-03-11 10:00:00,Commercial,E-Bike,6.09,15.6,20.4,Rainy,Low,No,Yes,Low
1692,2024-03-11 11:00:00,University Zone,E-Bike,3.05,36.6,24.4,Clear,Low,Yes,No,Medium
1693,2024-03-11 12:00:00,Tourist Area,E-Bike,7.07,6.2,20.9,Rainy,High,Yes,No,Low
1694,2024-03-11 13:00:00,University Zone,Bicycle,6.29,21.7,27.8,Foggy,Medium,Yes,No,High
1695,2024-03-11 14:00:00,University Zone,E-Scooter,2.05,35.7,13.0,Clear,Low,Yes,No,Low
1696,2024-03-11 15:00:00,Residential,E-Bike,0.93,17.6,20.9,Clear,High,Yes,No,Medium
1697,2024-03-11 16:00:00,Residential,Bicycle,0.67,45.8,18.8,Foggy,Low,No,No,High
1698,2024-03-11 17:00:00,Tourist Area,Bicycle,3.01,26.1,18.9,Rainy,High,Yes,No,High
1699,2024-03-11 18:00:00,IT Hub,E-Scooter,9.73,26.3,19.5,Foggy,Medium,Yes,No,Low
1700,2024-03-11 19:00:00,IT Hub,Bicycle,1.4,9.8,25.6,Clear,Medium,Yes,No,Low
1701,2024-03-11 20:00:00,University Zone,E-Bike,2.57,17.2,18.0,Rainy,High,Yes,Yes,Medium
1702,2024-03-11 21:00:00,Residential,E-Scooter,2.01,48.9,23.9,Rainy,High,No,No,Low
1703,2024-03-11 22:00:00,IT Hub,E-Scooter,3.96,35.6,24.5,Clear,High,No,No,Medium
1704,2024-03-11 23:00:00,Commercial,Bicycle,1.1,46.2,18.7,Rainy,Low,No,No,Low
1705,2024-03-12 00:00:00,Residential,E-Bike,4.92,49.7,10.6,Rainy,Medium,Yes,No,High
1706,2024-03-12 01:00:00,IT Hub,E-Scooter,6.95,23.2,9.5,Rainy,High,No,No,Low
1707,2024-03-12 02:00:00,Residential,E-Bike,3.88,13.5,21.0,Clear,Low,Yes,No,Low
1708,2024-03-12 03:00:00,IT Hub,Bicycle,6.9,18.9,9.0,Clear,Medium,Yes,No,Low
1709,2024-03-12 04:00:00,Residential,E-Scooter,8.04,45.1,9.6,Foggy,Low,Yes,No,Low
1710,2024-03-12 05:00:00,University Zone,E-Bike,9.29,56.5,22.1,Clear,Low,No,Yes,High
1711,2024-03-12 06:00:00,IT Hub,E-Scooter,3.46,10.5,26.0,Clear,Low,No,No,Medium
1712,2024-03-12 07:00:00,IT Hub,E-Scooter,8.49,38.0,13.3,Rainy,Low,Yes,No,Medium
1713,2024-03-12 08:00:00,Residential,E-Scooter,7.79,41.1,21.0,Rainy,Low,No,Yes,Medium
1714,2024-03-12 09:00:00,University Zone,Bicycle,9.57,10.1,21.9,Clear,High,No,No,Medium
1715,2024-03-12 10:00:00,University Zone,E-Scooter,1.94,13.5,17.2,Clear,Low,No,No,High
1716,2024-03-12 11:00:00,Tourist Area,Bicycle,9.23,38.0,13.2,Clear,Low,No,No,High
1717,2024-03-12 12:00:00,Tourist Area,E-Scooter,7.96,46.7,23.0,Clear,Medium,Yes,No,Low
1718,2024-03-12 13:00:00,Commercial,Bicycle,6.43,52.7,16.1,Hot,Medium,No,No,Medium
1719,2024-03-12 14:00:00,Tourist Area,E-Scooter,2.83,13.7,9.5,Foggy,Medium,Yes,No,Low
1720,2024-03-12 15:00:00,IT Hub,E-Scooter,7.02,21.8,13.2,Rainy,High,Yes,No,Low
1721,2024-03-12 16:00:00,Residential,Bicycle,5.78,20.8,19.0,Foggy,High,Yes,No,Low
1722,2024-03-12 17:00:00,Commercial,E-Bike,2.89,9.3,24.1,Clear,Low,No,No,Low
1723,2024-03-12 18:00:00,Tourist Area,Bicycle,2.72,14.1,19.0,Foggy,Medium,No,Yes,High
1724,2024-03-12 19:00:00,Tourist Area,E-Scooter,4.94,24.5,12.0,Rainy,High,No,No,Low
1725,2024-03-12 20:00:00,Commercial,E-Scooter,3.67,27.9,24.2,Foggy,Low,Yes,No,Low
1726,2024-03-12 21:00:00,Tourist Area,E-Bike,3.68,41.0,19.7,Foggy,High,No,No,High
1727,2024-03-12 22:00:00,Tourist Area,E-Scooter,9.17,16.1,17.9,Hot,Low,No,No,Low
1728,2024-03-12 23:00:00,Tourist Area,E-Bike,8.51,45.0,21.4,Foggy,Low,Yes,No,Medium
1729,2024-03-13 00:00:00,Commercial,Bicycle,1.91,8.3,26.3,Hot,High,Yes,No,Low
1730,2024-03-13 01:00:00,IT Hub,E-Scooter,0.58,52.5,25.3,Foggy,Low,No,No,Low
1731,2024-03-13 02:00:00,Commercial,E-Bike,9.0,16.5,23.4,Rainy,Medium,No,No,Medium
1732,2024-03-13 03:00:00,Commercial,Bicycle,4.37,19.1,16.0,Rainy,Medium,No,No,High
1733,2024-03-13 04:00:00,Tourist Area,Bicycle,7.8,52.1,27.5,Hot,High,No,No,Low
1734,2024-03-13 05:00:00,IT Hub,E-Bike,0.93,49.9,20.0,Hot,Low,Yes,No,Low
1735,2024-03-13 06:00:00,Residential,E-Bike,1.62,55.0,12.9,Hot,High,Yes,No,Low
1736,2024-03-13 07:00:00,University Zone,E-Bike,4.26,58.7,9.0,Foggy,High,Yes,No,High
1737,2024-03-13 08:00:00,Residential,Bicycle,7.42,54.1,12.5,Rainy,Medium,No,No,High
1738,2024-03-13 09:00:00,Tourist Area,E-Scooter,3.61,56.6,12.0,Foggy,High,Yes,No,Low
1739,2024-03-13 10:00:00,Residential,E-Bike,7.32,14.1,13.1,Foggy,Medium,No,No,Medium
1740,2024-03-13 11:00:00,IT Hub,E-Bike,1.11,58.5,25.3,Clear,Low,Yes,No,Low
1741,2024-03-13 12:00:00,IT Hub,E-Scooter,6.17,56.0,21.8,Clear,High,Yes,No,High
1742,2024-03-13 13:00:00,Tourist Area,E-Scooter,0.79,7.9,19.3,Clear,High,Yes,No,Medium
1743,2024-03-13 14:00:00,IT Hub,E-Scooter,0.74,21.1,15.2,Foggy,High,Yes,No,Medium
1744,2024-03-13 15:00:00,Tourist Area,Bicycle,2.79,17.3,8.3,Hot,Medium,No,No,High
1745,2024-03-13 16:00:00,Tourist Area,E-Scooter,7.95,45.2,13.9,Rainy,Medium,No,No,High
1746,2024-03-13 17:00:00,Commercial,Bicycle,2.51,52.0,22.3,Clear,Low,No,No,High
1747,2024-03-13 18:00:00,Residential,E-Bike,3.22,19.4,17.7,Clear,Low,Yes,No,Low
1748,2024-03-13 19:00:00,Commercial,Bicycle,8.48,42.6,20.7,Rainy,High,Yes,No,Medium
1749,2024-03-13 20:00:00,Tourist Area,Bicycle,1.83,54.9,10.9,Rainy,Medium,No,No,Medium
1750,2024-03-13 21:00:00,University Zone,E-Bike,1.7,14.6,16.5,Hot,Low,Yes,No,High
1751,2024-03-13 22:00:00,University Zone,Bicycle,7.34,16.2,29.6,Rainy,Low,Yes,No,Medium
1752,2024-03-13 23:00:00,Tourist Area,E-Scooter,6.58,45.8,11.4,Clear,High,Yes,No,Medium
1753,2024-03-14 00:00:00,University Zone,E-Scooter,3.64,48.2,21.9,Foggy,High,No,No,Low
1754,2024-03-14 01:00:00,Residential,Bicycle,9.64,13.9,16.8,Clear,Low,No,No,Low
1755,2024-03-14 02:00:00,Commercial,E-Scooter,6.95,34.1,23.1,Rainy,High,Yes,No,Low
1756,2024-03-14 03:00:00,Residential,Bicycle,5.72,45.8,19.8,Hot,Low,Yes,No,Medium
1757,2024-03-14 04:00:00,IT Hub,Bicycle,2.72,42.4,23.4,Hot,High,No,No,Medium
1758,2024-03-14 05:00:00,Commercial,E-Scooter,0.84,21.2,19.3,Clear,High,No,No,Low
1759,2024-03-14 06:00:00,Commercial,E-Bike,7.03,20.1,19.4,Hot,Medium,Yes,No,Medium
1760,2024-03-14 07:00:00,Residential,E-Scooter,6.82,23.7,21.4,Foggy,High,No,No,Medium
1761,2024-03-14 08:00:00,Commercial,Bicycle,9.14,42.3,18.3,Clear,High,Yes,No,Medium
1762,2024-03-14 09:00:00,Tourist Area,Bicycle,3.15,21.3,10.5,Foggy,High,No,Yes,Medium
1763,2024-03-14 10:00:00,Residential,Bicycle,2.89,54.5,15.5,Clear,High,Yes,No,Low
1764,2024-03-14 11:00:00,University Zone,E-Bike,9.89,16.9,13.2,Foggy,Low,Yes,No,Low
1765,2024-03-14 12:00:00,Residential,Bicycle,7.3,20.0,18.9,Hot,High,No,No,Low
1766,2024-03-14 13:00:00,University Zone,E-Bike,9.95,47.4,29.4,Clear,Medium,Yes,Yes,High
1767,2024-03-14 14:00:00,Residential,E-Scooter,7.67,9.5,10.9,Foggy,Medium,No,No,Low
1768,2024-03-14 15:00:00,Tourist Area,E-Scooter,4.53,48.6,18.0,Hot,Low,Yes,No,Low
1769,2024-03-14 16:00:00,IT Hub,E-Bike,0.66,58.6,28.3,Rainy,Low,No,No,Low
1770,2024-03-14 17:00:00,Tourist Area,E-Bike,6.79,51.6,12.2,Foggy,High,No,No,Medium
1771,2024-03-14 18:00:00,Tourist Area,E-Scooter,3.3,57.3,26.5,Hot,Low,Yes,No,High
1772,2024-03-14 19:00:00,IT Hub,Bicycle,8.74,31.4,8.7,Hot,High,Yes,No,Low
1773,2024-03-14 20:00:00,University Zone,Bicycle,3.91,49.5,14.2,Clear,High,No,No,Medium
1774,2024-03-14 21:00:00,Tourist Area,E-Bike,8.5,26.0,16.1,Rainy,Low,No,No,Medium
1775,2024-03-14 22:00:00,IT Hub,E-Bike,1.03,14.5,25.5,Clear,Medium,Yes,No,Low
1776,2024-03-14 23:00:00,IT Hub,Bicycle,9.9,50.1,27.1,Clear,Low,Yes,No,Low
1777,2024-03-15 00:00:00,Residential,Bicycle,8.14,29.1,13.7,Hot,Medium,Yes,No,Low
1778,2024-03-15 01:00:00,Commercial,Bicycle,4.56,21.3,12.2,Clear,Medium,Yes,No,Low
1779,2024-03-15 02:00:00,Residential,Bicycle,0.59,17.9,21.0,Rainy,Low,No,No,Low
1780,2024-03-15 03:00:00,Commercial,Bicycle,2.16,27.9,16.6,Hot,High,No,No,Low
1781,2024-03-15 04:00:00,Tourist Area,Bicycle,9.28,52.8,9.3,Rainy,Medium,Yes,No,High
1782,2024-03-15 05:00:00,Residential,E-Bike,8.16,10.8,16.3,Rainy,Low,Yes,No,Low
1783,2024-03-15 06:00:00,Tourist Area,Bicycle,5.75,57.6,12.1,Hot,Medium,No,No,Low
1784,2024-03-15 07:00:00,IT Hub,E-Scooter,3.79,52.2,18.5,Clear,Medium,Yes,No,Low
1785,2024-03-15 08:00:00,Residential,E-Bike,8.78,45.8,25.1,Foggy,Low,Yes,No,Low
1786,2024-03-15 09:00:00,University Zone,E-Bike,5.77,24.8,8.6,Hot,Medium,No,No,Low
1787,2024-03-15 10:00:00,IT Hub,Bicycle,2.48,34.2,17.5,Hot,High,Yes,No,Low
1788,2024-03-15 11:00:00,University Zone,E-Scooter,7.71,45.1,28.6,Clear,Medium,No,No,Low
1789,2024-03-15 12:00:00,University Zone,E-Bike,6.85,53.8,18.0,Foggy,Medium,Yes,No,Low
1790,2024-03-15 13:00:00,Commercial,E-Bike,4.17,41.4,18.9,Hot,High,Yes,No,Low
1791,2024-03-15 14:00:00,University Zone,E-Bike,0.86,53.6,22.3,Foggy,High,Yes,No,Medium
1792,2024-03-15 15:00:00,Residential,E-Bike,1.89,24.1,14.5,Hot,High,Yes,No,Low
1793,2024-03-15 16:00:00,Tourist Area,Bicycle,6.4,47.6,8.3,Foggy,High,Yes,Yes,Medium
1794,2024-03-15 17:00:00,University Zone,Bicycle,8.9,21.1,25.6,Hot,Medium,Yes,No,Low
1795,2024-03-15 18:00:00,Commercial,E-Scooter,2.84,7.4,8.7,Rainy,Medium,Yes,No,High
1796,2024-03-15 19:00:00,University Zone,Bicycle,3.86,29.5,24.9,Hot,Low,Yes,No,High
1797,2024-03-15 20:00:00,Tourist Area,E-Bike,6.84,59.3,18.2,Foggy,Low,Yes,No,Low
1798,2024-03-15 21:00:00,Residential,Bicycle,8.76,41.0,29.1,Hot,High,No,Yes,Low
1799,2024-03-15 22:00:00,University Zone,Bicycle,9.64,53.0,28.1,Clear,Low,Yes,No,High
1800,2024-03-15 23:00:00,IT Hub,Bicycle,0.78,16.1,22.3,Foggy,Medium,No,Yes,High
1801,2024-03-16 00:00:00,Tourist Area,E-Scooter,3.45,53.8,20.0,Hot,Low,No,No,Medium
1802,2024-03-16 01:00:00,University Zone,E-Scooter,6.38,49.8,11.1,Rainy,Medium,Yes,No,Low
1803,2024-03-16 02:00:00,Tourist Area,E-Bike,1.94,43.3,11.1,Rainy,Medium,No,No,Low
1804,2024-03-16 03:00:00,Tourist Area,E-Scooter,2.52,8.2,14.0,Rainy,High,Yes,No,Low
1805,2024-03-16 04:00:00,Tourist Area,E-Bike,9.05,6.8,27.1,Clear,Medium,No,No,High
1806,2024-03-16 05:00:00,Tourist Area,E-Scooter,4.32,30.9,26.2,Clear,Medium,No,No,Low
1807,2024-03-16 06:00:00,Commercial,E-Bike,4.77,5.0,9.8,Clear,Low,No,Yes,Low
1808,2024-03-16 07:00:00,Commercial,E-Bike,4.63,42.0,11.4,Clear,Low,No,No,Low
1809,2024-03-16 08:00:00,Commercial,E-Scooter,7.01,13.4,23.4,Rainy,Medium,Yes,No,Low
1810,2024-03-16 09:00:00,Tourist Area,E-Scooter,7.5,35.7,19.0,Rainy,Medium,No,No,Medium
1811,2024-03-16 10:00:00,Residential,E-Bike,7.4,52.9,29.4,Hot,Low,Yes,No,Medium
1812,2024-03-16 11:00:00,IT Hub,E-Bike,7.86,59.0,21.4,Foggy,Low,Yes,Yes,Medium
1813,2024-03-16 12:00:00,Commercial,Bicycle,5.2,46.5,14.5,Clear,Low,Yes,No,Low
1814,2024-03-16 13:00:00,Tourist Area,E-Bike,5.74,43.5,12.8,Hot,Low,Yes,No,Medium
1815,2024-03-16 14:00:00,Commercial,E-Bike,5.17,35.0,20.3,Rainy,High,Yes,No,Low
1816,2024-03-16 15:00:00,IT Hub,Bicycle,7.84,57.7,26.6,Clear,Low,No,No,Low
1817,2024-03-16 16:00:00,Commercial,Bicycle,7.72,49.6,20.3,Foggy,Low,Yes,Yes,Medium
1818,2024-03-16 17:00:00,Tourist Area,E-Bike,0.69,56.6,22.6,Clear,Low,No,No,High
1819,2024-03-16 18:00:00,Commercial,Bicycle,3.54,54.5,25.1,Foggy,Low,Yes,No,Medium
1820,2024-03-16 19:00:00,Residential,E-Scooter,3.7,5.0,25.0,Clear,High,Yes,No,Medium
1821,2024-03-16 20:00:00,Tourist Area,E-Scooter,0.78,53.8,14.4,Foggy,High,Yes,No,High
1822,2024-03-16 21:00:00,Residential,Bicycle,8.23,25.0,9.2,Clear,Low,Yes,Yes,Low
1823,2024-03-16 22:00:00,University Zone,E-Bike,8.02,16.0,17.4,Foggy,Low,No,Yes,High
1824,2024-03-16 23:00:00,University Zone,Bicycle,0.6,12.9,16.8,Hot,Low,Yes,No,High
1825,2024-03-17 00:00:00,University Zone,E-Scooter,7.96,10.4,23.1,Foggy,Low,Yes,No,Medium
1826,2024-03-17 01:00:00,IT Hub,Bicycle,7.22,54.5,24.6,Rainy,Medium,No,No,High
1827,2024-03-17 02:00:00,Commercial,E-Scooter,9.71,11.4,28.0,Hot,Medium,Yes,No,Medium
1828,2024-03-17 03:00:00,Commercial,E-Bike,1.17,55.6,17.3,Foggy,Low,No,No,High
1829,2024-03-17 04:00:00,Tourist Area,E-Scooter,3.65,35.8,26.9,Hot,Low,Yes,No,High
1830,2024-03-17 05:00:00,Residential,E-Bike,6.69,9.4,23.7,Foggy,Low,No,No,Low
1831,2024-03-17 06:00:00,Residential,E-Bike,7.31,17.4,21.7,Clear,Medium,Yes,Yes,Low
1832,2024-03-17 07:00:00,Tourist Area,Bicycle,1.62,52.9,25.3,Foggy,Low,No,No,Low
1833,2024-03-17 08:00:00,University Zone,E-Bike,6.83,56.7,28.5,Clear,Medium,No,Yes,Low
1834,2024-03-17 09:00:00,Residential,Bicycle,9.66,52.5,28.4,Rainy,Medium,Yes,Yes,Low
1835,2024-03-17 10:00:00,Commercial,Bicycle,5.7,11.3,26.0,Clear,Low,Yes,No,Medium
1836,2024-03-17 11:00:00,IT Hub,Bicycle,5.17,25.0,14.9,Hot,Medium,No,Yes,High
1837,2024-03-17 12:00:00,Residential,Bicycle,6.94,22.1,14.6,Hot,High,No,No,Medium
1838,2024-03-17 13:00:00,Commercial,Bicycle,9.16,28.0,16.5,Hot,Low,Yes,No,Low
1839,2024-03-17 14:00:00,University Zone,Bicycle,8.9,48.1,20.5,Clear,Low,Yes,No,Low
1840,2024-03-17 15:00:00,IT Hub,E-Bike,0.65,17.1,25.8,Hot,High,No,No,High
1841,2024-03-17 16:00:00,University Zone,E-Bike,7.26,55.5,22.2,Clear,Medium,Yes,No,Low
1842,2024-03-17 17:00:00,Commercial,E-Scooter,7.57,29.4,29.6,Rainy,High,Yes,No,Low
1843,2024-03-17 18:00:00,University Zone,Bicycle,4.93,40.7,19.7,Rainy,High,Yes,No,High
1844,2024-03-17 19:00:00,Tourist Area,Bicycle,4.24,59.9,9.5,Hot,Medium,No,No,Low
1845,2024-03-17 20:00:00,Commercial,E-Bike,3.88,26.0,10.0,Hot,Medium,No,No,Medium
1846,2024-03-17 21:00:00,University Zone,E-Scooter,4.46,18.5,27.5,Rainy,High,No,Yes,Medium
1847,2024-03-17 22:00:00,Tourist Area,Bicycle,7.41,40.0,21.6,Foggy,Medium,No,No,Medium
1848,2024-03-17 23:00:00,Tourist Area,E-Bike,8.83,8.2,24.3,Hot,Low,Yes,No,Low
1849,2024-03-18 00:00:00,University Zone,E-Scooter,3.44,46.4,15.6,Hot,High,No,No,Low
1850,2024-03-18 01:00:00,University Zone,E-Bike,5.03,26.4,17.0,Rainy,Medium,No,No,Low
1851,2024-03-18 02:00:00,Tourist Area,Bicycle,2.0,5.8,16.5,Hot,Medium,No,Yes,High
1852,2024-03-18 03:00:00,Commercial,Bicycle,6.7,23.5,23.9,Foggy,Medium,Yes,No,High
1853,2024-03-18 04:00:00,Commercial,E-Scooter,3.89,36.4,9.1,Clear,High,Yes,No,High
1854,2024-03-18 05:00:00,University Zone,Bicycle,1.62,40.7,10.3,Clear,Low,Yes,No,Low
1855,2024-03-18 06:00:00,IT Hub,E-Scooter,7.25,43.0,28.3,Clear,Low,No,No,High
1856,2024-03-18 07:00:00,Residential,E-Scooter,9.49,22.7,27.1,Hot,High,Yes,No,Low
1857,2024-03-18 08:00:00,University Zone,E-Bike,1.31,10.2,24.0,Foggy,Low,No,No,High
1858,2024-03-18 09:00:00,Tourist Area,E-Bike,2.92,30.9,26.8,Foggy,Low,Yes,No,Low
1859,2024-03-18 10:00:00,IT Hub,Bicycle,1.38,48.6,16.8,Rainy,Medium,No,No,Medium
1860,2024-03-18 11:00:00,IT Hub,Bicycle,3.29,13.8,27.9,Clear,Low,Yes,No,High
1861,2024-03-18 12:00:00,Residential,E-Scooter,3.57,58.4,26.3,Hot,Low,Yes,No,Low
1862,2024-03-18 13:00:00,Residential,Bicycle,3.5,27.3,14.0,Clear,Medium,No,No,Medium
1863,2024-03-18 14:00:00,IT Hub,Bicycle,7.3,44.2,18.1,Hot,Medium,Yes,No,Medium
1864,2024-03-18 15:00:00,Commercial,E-Bike,7.03,53.2,19.7,Foggy,Medium,No,No,High
1865,2024-03-18 16:00:00,Tourist Area,Bicycle,1.89,9.1,21.0,Clear,Medium,Yes,No,Low
1866,2024-03-18 17:00:00,University Zone,Bicycle,4.33,51.1,17.7,Rainy,Low,Yes,No,Medium
1867,2024-03-18 18:00:00,IT Hub,Bicycle,6.23,16.6,12.9,Hot,Low,Yes,No,Low
1868,2024-03-18 19:00:00,Residential,Bicycle,1.16,51.3,25.9,Foggy,Medium,No,No,High
1869,2024-03-18 20:00:00,Residential,Bicycle,6.13,13.2,12.2,Foggy,Low,No,No,Low
1870,2024-03-18 21:00:00,Residential,E-Bike,9.2,33.8,14.4,Clear,High,No,No,Medium
1871,2024-03-18 22:00:00,IT Hub,Bicycle,8.11,8.1,15.5,Rainy,Low,Yes,No,Medium
1872,2024-03-18 23:00:00,Residential,Bicycle,4.47,23.2,10.0,Hot,Medium,No,No,Low
1873,2024-03-19 00:00:00,Commercial,E-Bike,5.78,36.4,9.0,Clear,Medium,No,No,Medium
1874,2024-03-19 01:00:00,Commercial,E-Bike,6.54,26.5,18.8,Hot,High,Yes,No,Low
1875,2024-03-19 02:00:00,Tourist Area,E-Bike,4.73,14.9,19.3,Rainy,High,Yes,No,Low
1876,2024-03-19 03:00:00,Tourist Area,E-Scooter,2.81,49.8,23.2,Foggy,High,Yes,No,Low
1877,2024-03-19 04:00:00,Commercial,E-Scooter,4.44,52.8,25.1,Foggy,High,No,No,Low
1878,2024-03-19 05:00:00,IT Hub,Bicycle,7.21,44.9,23.7,Rainy,Low,No,No,Low
1879,2024-03-19 06:00:00,Tourist Area,E-Scooter,8.19,53.3,26.9,Rainy,High,Yes,No,Low
1880,2024-03-19 07:00:00,Tourist Area,Bicycle,8.85,13.5,23.1,Clear,Medium,No,No,Medium
1881,2024-03-19 08:00:00,IT Hub,E-Bike,2.68,45.5,10.7,Hot,Medium,No,No,Low
1882,2024-03-19 09:00:00,Tourist Area,E-Scooter,0.56,52.4,23.9,Hot,High,Yes,No,Low
1883,2024-03-19 10:00:00,University Zone,E-Bike,9.22,33.6,22.5,Foggy,Low,No,Yes,Medium
1884,2024-03-19 11:00:00,University Zone,Bicycle,8.5,39.3,12.9,Clear,Medium,Yes,No,High
1885,2024-03-19 12:00:00,Commercial,E-Bike,3.69,17.4,23.6,Foggy,Low,No,No,High
1886,2024-03-19 13:00:00,University Zone,E-Bike,5.61,42.7,12.9,Foggy,High,Yes,No,Low
1887,2024-03-19 14:00:00,University Zone,E-Scooter,7.02,30.3,11.3,Rainy,Low,No,No,Low
1888,2024-03-19 15:00:00,IT Hub,Bicycle,8.33,7.2,19.8,Hot,Low,Yes,No,Low
1889,2024-03-19 16:00:00,Tourist Area,Bicycle,9.78,18.3,25.9,Clear,Medium,Yes,No,Low
1890,2024-03-19 17:00:00,Commercial,Bicycle,3.45,45.4,25.8,Clear,High,No,No,Low
1891,2024-03-19 18:00:00,Residential,E-Scooter,4.92,50.9,17.7,Hot,High,Yes,No,Low
1892,2024-03-19 19:00:00,Residential,E-Scooter,1.39,12.6,9.0,Rainy,Low,No,No,Medium
1893,2024-03-19 20:00:00,IT Hub,E-Scooter,9.42,28.0,11.8,Clear,Medium,Yes,No,High
1894,2024-03-19 21:00:00,Commercial,E-Bike,8.49,57.6,16.5,Foggy,Medium,No,No,High
1895,2024-03-19 22:00:00,University Zone,E-Scooter,4.67,56.7,22.5,Clear,Low,No,Yes,Medium
1896,2024-03-19 23:00:00,University Zone,Bicycle,5.78,21.0,21.5,Rainy,High,No,No,Low
1897,2024-03-20 00:00:00,Residential,E-Scooter,4.25,9.3,22.2,Foggy,Medium,No,Yes,Medium
1898,2024-03-20 01:00:00,University Zone,Bicycle,3.21,30.3,17.3,Clear,Low,Yes,No,Low
1899,2024-03-20 02:00:00,Commercial,Bicycle,0.65,42.0,8.4,Foggy,Medium,Yes,No,Low
1900,2024-03-20 03:00:00,University Zone,E-Bike,1.64,39.0,10.8,Foggy,High,No,No,Medium
1901,2024-03-20 04:00:00,Residential,Bicycle,2.85,18.8,16.9,Rainy,Low,Yes,No,High
1902,2024-03-20 05:00:00,University Zone,E-Bike,7.2,18.9,25.6,Rainy,Medium,Yes,No,Low
1903,2024-03-20 06:00:00,Commercial,E-Scooter,6.03,29.4,27.2,Hot,Medium,No,No,Low
1904,2024-03-20 07:00:00,Commercial,E-Bike,9.97,29.1,9.7,Rainy,Low,No,No,High
1905,2024-03-20 08:00:00,University Zone,E-Bike,6.94,56.6,23.8,Rainy,High,No,No,High
1906,2024-03-20 09:00:00,Tourist Area,E-Bike,5.24,58.7,29.8,Clear,Medium,Yes,Yes,Medium
1907,2024-03-20 10:00:00,IT Hub,E-Bike,1.72,24.9,22.8,Rainy,Low,No,No,Low
1908,2024-03-20 11:00:00,Commercial,E-Scooter,0.76,48.2,29.7,Clear,High,No,Yes,Medium
1909,2024-03-20 12:00:00,Commercial,E-Scooter,3.67,8.0,21.0,Hot,Medium,Yes,No,Low
1910,2024-03-20 13:00:00,Residential,Bicycle,6.52,10.7,8.5,Rainy,High,Yes,No,Low
1911,2024-03-20 14:00:00,Tourist Area,E-Bike,2.42,18.9,25.8,Rainy,High,Yes,No,Low
1912,2024-03-20 15:00:00,Residential,E-Scooter,6.45,26.9,12.4,Rainy,Low,Yes,No,Low
1913,2024-03-20 16:00:00,Residential,Bicycle,6.39,20.9,21.4,Foggy,Low,Yes,No,Medium
1914,2024-03-20 17:00:00,Residential,Bicycle,2.55,6.0,23.8,Foggy,Low,No,No,High
1915,2024-03-20 18:00:00,Tourist Area,E-Bike,7.38,33.9,28.5,Rainy,Low,Yes,No,Low
1916,2024-03-20 19:00:00,Residential,E-Scooter,4.32,53.1,12.1,Hot,Medium,Yes,No,Medium
1917,2024-03-20 20:00:00,University Zone,E-Bike,5.99,32.6,20.0,Hot,Medium,No,No,Low
1918,2024-03-20 21:00:00,Commercial,Bicycle,2.17,23.9,25.1,Hot,Medium,No,No,High
1919,2024-03-20 22:00:00,IT Hub,E-Bike,2.92,52.3,24.9,Rainy,Medium,Yes,Yes,Medium
1920,2024-03-20 23:00:00,IT Hub,E-Bike,3.36,7.7,23.9,Hot,High,No,No,Low
1921,2024-03-21 00:00:00,Tourist Area,E-Scooter,7.59,13.8,20.1,Rainy,High,Yes,Yes,High
1922,2024-03-21 01:00:00,Tourist Area,Bicycle,8.13,28.1,9.0,Rainy,Medium,No,No,Low
1923,2024-03-21 02:00:00,IT Hub,E-Scooter,0.81,46.8,16.5,Clear,Medium,No,No,Low
1924,2024-03-21 03:00:00,University Zone,E-Bike,8.75,57.2,23.5,Rainy,Low,Yes,No,High
1925,2024-03-21 04:00:00,Commercial,Bicycle,7.78,28.1,18.9,Foggy,High,Yes,No,Low
1926,2024-03-21 05:00:00,University Zone,E-Scooter,6.34,23.3,17.2,Clear,Low,No,No,Low
1927,2024-03-21 06:00:00,IT Hub,E-Bike,5.03,27.3,16.1,Clear,Low,No,No,Low
1928,2024-03-21 07:00:00,IT Hub,E-Scooter,3.52,29.7,19.7,Clear,Medium,No,No,Low
1929,2024-03-21 08:00:00,Commercial,Bicycle,1.67,36.2,12.1,Clear,Medium,No,No,Low
1930,2024-03-21 09:00:00,Commercial,E-Scooter,7.06,19.1,8.4,Hot,High,Yes,No,Medium
1931,2024-03-21 10:00:00,Tourist Area,Bicycle,1.35,43.0,26.1,Rainy,High,Yes,No,Low
1932,2024-03-21 11:00:00,Tourist Area,E-Bike,4.82,33.7,29.1,Rainy,High,Yes,No,Medium
1933,2024-03-21 12:00:00,University Zone,E-Scooter,1.38,16.9,24.4,Foggy,Medium,Yes,No,Low
1934,2024-03-21 13:00:00,IT Hub,E-Bike,4.8,21.1,11.4,Hot,High,Yes,No,Medium
1935,2024-03-21 14:00:00,University Zone,E-Bike,2.95,12.3,13.4,Clear,High,Yes,No,Medium
1936,2024-03-21 15:00:00,Tourist Area,E-Scooter,9.49,51.6,9.4,Foggy,Low,Yes,No,Low
1937,2024-03-21 16:00:00,Residential,E-Bike,3.48,36.1,20.9,Rainy,Low,No,Yes,Medium
1938,2024-03-21 17:00:00,Commercial,E-Bike,1.41,35.6,28.2,Hot,Medium,Yes,No,Low
1939,2024-03-21 18:00:00,IT Hub,E-Scooter,1.69,48.7,28.3,Rainy,High,Yes,No,Medium
1940,2024-03-21 19:00:00,IT Hub,E-Scooter,4.6,37.0,11.2,Clear,High,Yes,No,Low
1941,2024-03-21 20:00:00,Residential,Bicycle,9.76,31.2,21.9,Foggy,High,No,No,Low
1942,2024-03-21 21:00:00,IT Hub,Bicycle,9.29,26.7,10.5,Rainy,Low,Yes,No,High
1943,2024-03-21 22:00:00,IT Hub,Bicycle,1.71,34.1,15.9,Foggy,Medium,Yes,No,Low
1944,2024-03-21 23:00:00,Residential,E-Bike,1.57,5.6,23.5,Hot,High,Yes,No,High
1945,2024-03-22 00:00:00,Tourist Area,E-Scooter,9.54,39.4,9.0,Clear,Medium,Yes,No,High
1946,2024-03-22 01:00:00,Commercial,Bicycle,5.85,30.9,17.5,Clear,Medium,No,No,Low
1947,2024-03-22 02:00:00,Tourist Area,E-Bike,9.04,35.2,10.6,Clear,Medium,Yes,No,Low
1948,2024-03-22 03:00:00,Residential,Bicycle,7.07,57.7,28.7,Hot,Medium,Yes,No,Low
1949,2024-03-22 04:00:00,University Zone,Bicycle,6.56,59.4,20.8,Clear,Low,Yes,No,Medium
1950,2024-03-22 05:00:00,Commercial,E-Scooter,6.16,54.1,19.5,Rainy,Low,Yes,No,Medium
1951,2024-03-22 06:00:00,University Zone,E-Scooter,9.15,31.6,19.6,Foggy,Low,No,No,Medium
1952,2024-03-22 07:00:00,IT Hub,E-Bike,5.22,24.9,16.5,Clear,High,No,Yes,High
1953,2024-03-22 08:00:00,Commercial,Bicycle,3.75,13.7,23.5,Hot,Medium,No,No,High
1954,2024-03-22 09:00:00,University Zone,Bicycle,4.67,26.2,16.2,Hot,Low,Yes,No,Medium
1955,2024-03-22 10:00:00,University Zone,Bicycle,1.38,34.7,17.4,Hot,Medium,Yes,No,Medium
1956,2024-03-22 11:00:00,University Zone,E-Scooter,3.94,59.8,17.0,Hot,Medium,No,Yes,High
1957,2024-03-22 12:00:00,IT Hub,E-Scooter,6.65,59.2,15.5,Foggy,High,No,No,Low
1958,2024-03-22 13:00:00,Commercial,Bicycle,9.14,10.2,19.2,Hot,High,No,No,Medium
1959,2024-03-22 14:00:00,Tourist Area,E-Bike,9.17,23.2,11.5,Hot,High,No,No,Medium
1960,2024-03-22 15:00:00,IT Hub,E-Bike,0.79,48.5,19.8,Foggy,Medium,No,No,Medium
1961,2024-03-22 16:00:00,Commercial,E-Bike,9.79,25.7,29.4,Rainy,High,No,No,Low
1962,2024-03-22 17:00:00,University Zone,E-Bike,0.74,57.9,13.6,Clear,Medium,Yes,No,Low
1963,2024-03-22 18:00:00,Residential,Bicycle,4.61,22.4,21.5,Rainy,Medium,No,No,High
1964,2024-03-22 19:00:00,Residential,E-Scooter,2.86,18.8,20.7,Hot,Medium,No,No,Low
1965,2024-03-22 20:00:00,IT Hub,E-Bike,9.25,49.2,13.9,Hot,Medium,Yes,No,Medium
1966,2024-03-22 21:00:00,Tourist Area,Bicycle,4.17,57.0,23.6,Rainy,High,Yes,No,Low
1967,2024-03-22 22:00:00,Tourist Area,Bicycle,6.44,56.0,14.8,Foggy,High,No,No,Low
1968,2024-03-22 23:00:00,Commercial,Bicycle,4.69,22.8,14.5,Rainy,High,Yes,No,Low
1969,2024-03-23 00:00:00,Residential,E-Scooter,9.35,42.6,23.3,Hot,Medium,Yes,No,Low
1970,2024-03-23 01:00:00,University Zone,E-Bike,3.43,32.0,19.6,Clear,Low,Yes,No,Low
1971,2024-03-23 02:00:00,Tourist Area,E-Scooter,9.29,32.0,27.5,Hot,High,No,No,High
1972,2024-03-23 03:00:00,Tourist Area,Bicycle,5.76,12.2,11.1,Clear,Medium,Yes,No,Medium
1973,2024-03-23 04:00:00,Residential,E-Scooter,7.97,39.4,24.8,Rainy,Low,Yes,No,Low
1974,2024-03-23 05:00:00,University Zone,E-Scooter,7.78,49.2,23.2,Clear,Low,Yes,No,High
1975,2024-03-23 06:00:00,Commercial,E-Scooter,5.05,13.0,11.3,Foggy,High,Yes,No,Low
1976,2024-03-23 07:00:00,Commercial,E-Scooter,2.35,12.9,10.5,Rainy,High,Yes,Yes,Medium
1977,2024-03-23 08:00:00,Commercial,E-Scooter,2.51,7.8,10.1,Clear,Low,Yes,No,Low
1978,2024-03-23 09:00:00,Commercial,E-Scooter,9.0,39.1,24.9,Foggy,Medium,Yes,Yes,Medium
1979,2024-03-23 10:00:00,Residential,Bicycle,5.55,5.8,24.2,Hot,Medium,Yes,No,Low
1980,2024-03-23 11:00:00,Commercial,E-Scooter,9.97,29.3,26.1,Hot,High,Yes,No,Low
1981,2024-03-23 12:00:00,Residential,E-Scooter,3.92,59.6,24.3,Hot,High,No,No,Low
1982,2024-03-23 13:00:00,Tourist Area,E-Scooter,0.86,47.4,28.0,Hot,High,Yes,No,Low
1983,2024-03-23 14:00:00,Residential,E-Scooter,2.12,58.9,8.7,Foggy,Low,Yes,No,Low
1984,2024-03-23 15:00:00,IT Hub,E-Bike,3.42,60.0,10.1,Clear,Medium,No,No,Low
1985,2024-03-23 16:00:00,IT Hub,Bicycle,8.73,48.9,9.2,Foggy,Low,No,No,Medium
1986,2024-03-23 17:00:00,Tourist Area,E-Scooter,0.73,20.1,21.7,Foggy,Medium,Yes,Yes,Low
1987,2024-03-23 18:00:00,University Zone,E-Scooter,1.16,27.2,9.7,Hot,Medium,No,No,High
1988,2024-03-23 19:00:00,IT Hub,E-Scooter,6.73,30.2,26.6,Rainy,High,No,No,Low
1989,2024-03-23 20:00:00,Residential,E-Bike,2.0,10.7,27.3,Rainy,High,Yes,No,Medium
1990,2024-03-23 21:00:00,Tourist Area,E-Bike,9.87,59.9,27.0,Hot,High,Yes,No,Medium
1991,2024-03-23 22:00:00,University Zone,E-Scooter,7.98,51.8,27.6,Hot,Medium,Yes,No,Medium
1992,2024-03-23 23:00:00,IT Hub,E-Bike,1.73,27.7,29.5,Foggy,Medium,Yes,No,Medium
1993,2024-03-24 00:00:00,University Zone,E-Scooter,9.77,43.8,14.4,Foggy,Medium,Yes,No,Medium
1994,2024-03-24 01:00:00,Commercial,Bicycle,5.92,47.7,20.1,Hot,High,No,No,Low
1995,2024-03-24 02:00:00,Commercial,E-Bike,9.42,44.3,11.9,Hot,Medium,Yes,No,High
1996,2024-03-24 03:00:00,Commercial,E-Bike,8.13,15.8,8.1,Foggy,High,Yes,No,Low
1997,2024-03-24 04:00:00,IT Hub,E-Scooter,8.78,53.5,16.6,Clear,Medium,Yes,No,High
1998,2024-03-24 05:00:00,University Zone,Bicycle,1.99,27.7,8.8,Hot,Medium,Yes,No,Low
1999,2024-03-24 06:00:00,IT Hub,E-Scooter,9.35,5.4,25.9,Rainy,Low,No,No,Low
2000,2024-03-24 07:00:00,University Zone,Bicycle,7.39,24.2,27.9,Clear,Low,Yes,No,Low
2001,2024-03-24 08:00:00,Residential,E-Bike,9.66,18.5,14.8,Hot,Low,Yes,No,Medium
2002,2024-03-24 09:00:00,Residential,E-Bike,9.91,36.9,10.9,Rainy,High,Yes,No,Low
2003,2024-03-24 10:00:00,IT Hub,Bicycle,2.52,39.1,16.5,Foggy,High,No,No,Low
2004,2024-03-24 11:00:00,University Zone,E-Bike,7.74,20.2,18.6,Hot,Low,Yes,No,Low
2005,2024-03-24 12:00:00,Residential,E-Scooter,0.76,49.4,16.9,Foggy,Medium,Yes,No,High
2006,2024-03-24 13:00:00,University Zone,E-Bike,3.71,38.5,21.5,Rainy,Low,No,No,High
2007,2024-03-24 14:00:00,Residential,E-Bike,6.82,13.7,22.8,Clear,Low,Yes,No,Low
2008,2024-03-24 15:00:00,University Zone,E-Scooter,7.52,35.0,27.6,Foggy,Medium,Yes,No,Medium
2009,2024-03-24 16:00:00,IT Hub,Bicycle,6.25,15.7,24.5,Clear,Medium,No,No,Low
2010,2024-03-24 17:00:00,IT Hub,E-Bike,4.44,34.9,23.9,Rainy,High,Yes,No,Low
2011,2024-03-24 18:00:00,Tourist Area,E-Scooter,8.33,59.1,10.9,Foggy,Medium,Yes,No,Low
2012,2024-03-24 19:00:00,Residential,E-Scooter,1.93,49.5,20.9,Rainy,Low,Yes,No,Low
2013,2024-03-24 20:00:00,Commercial,Bicycle,6.12,47.3,26.1,Rainy,Medium,Yes,Yes,High
2014,2024-03-24 21:00:00,Tourist Area,E-Scooter,3.76,37.0,15.4,Hot,Low,No,No,High
2015,2024-03-24 22:00:00,Commercial,E-Scooter,4.09,35.5,28.6,Rainy,High,Yes,No,Low
2016,2024-03-24 23:00:00,Residential,E-Bike,4.8,37.9,24.6,Rainy,Low,Yes,No,Low
2017,2024-03-25 00:00:00,IT Hub,Bicycle,7.12,31.9,15.3,Clear,High,Yes,No,Low
2018,2024-03-25 01:00:00,Commercial,E-Scooter,2.18,14.8,12.6,Hot,High,No,No,Low
2019,2024-03-25 02:00:00,IT Hub,E-Bike,2.59,42.0,19.5,Rainy,Medium,Yes,No,Low
2020,2024-03-25 03:00:00,Tourist Area,Bicycle,6.46,10.6,12.5,Hot,Low,No,No,High
2021,2024-03-25 04:00:00,Tourist Area,E-Bike,8.06,34.3,17.8,Clear,Medium,No,No,Low
2022,2024-03-25 05:00:00,IT Hub,E-Scooter,7.0,43.3,27.4,Foggy,Medium,No,No,High
2023,2024-03-25 06:00:00,University Zone,Bicycle,9.1,40.4,9.5,Hot,High,No,No,Low
2024,2024-03-25 07:00:00,Residential,E-Scooter,2.12,23.4,9.0,Rainy,Medium,No,No,Medium
2025,2024-03-25 08:00:00,University Zone,Bicycle,9.1,12.0,23.3,Foggy,Low,No,No,Low
2026,2024-03-25 09:00:00,Tourist Area,E-Scooter,1.77,20.0,15.5,Clear,High,Yes,No,Medium
2027,2024-03-25 10:00:00,Residential,E-Bike,1.27,41.4,19.4,Clear,Medium,Yes,Yes,Low
2028,2024-03-25 11:00:00,University Zone,E-Scooter,2.6,23.5,21.8,Clear,High,No,No,Medium
2029,2024-03-25 12:00:00,Commercial,Bicycle,8.54,29.8,21.0,Foggy,Medium,Yes,No,Low
2030,2024-03-25 13:00:00,University Zone,E-Bike,1.5,28.0,24.4,Rainy,Low,Yes,No,Low
2031,2024-03-25 14:00:00,IT Hub,Bicycle,9.06,58.7,21.2,Foggy,Medium,Yes,Yes,High
2032,2024-03-25 15:00:00,Commercial,E-Scooter,8.7,13.9,14.6,Rainy,Low,Yes,No,Low
2033,2024-03-25 16:00:00,IT Hub,Bicycle,3.39,24.0,23.6,Rainy,High,No,No,Low
2034,2024-03-25 17:00:00,Commercial,E-Scooter,1.71,9.5,13.5,Hot,Medium,No,No,Medium
2035,2024-03-25 18:00:00,Tourist Area,E-Scooter,6.39,47.6,17.0,Rainy,Low,No,No,High
2036,2024-03-25 19:00:00,Residential,Bicycle,4.08,15.0,17.8,Foggy,Low,Yes,Yes,Low
2037,2024-03-25 20:00:00,Commercial,E-Bike,4.72,40.5,27.0,Clear,Medium,No,No,High
2038,2024-03-25 21:00:00,Tourist Area,E-Bike,3.9,35.5,27.9,Rainy,Medium,Yes,No,Low
2039,2024-03-25 22:00:00,Tourist Area,E-Bike,6.89,7.1,16.7,Clear,Medium,Yes,No,Medium
2040,2024-03-25 23:00:00,Residential,E-Scooter,2.95,22.3,18.9,Rainy,Low,Yes,No,Medium
2041,2024-03-26 00:00:00,Residential,E-Bike,4.33,25.2,12.7,Hot,High,Yes,No,Low
2042,2024-03-26 01:00:00,Commercial,E-Bike,3.08,56.1,23.5,Foggy,Low,No,No,High
2043,2024-03-26 02:00:00,Tourist Area,Bicycle,5.99,13.0,20.9,Hot,Medium,No,No,Medium
2044,2024-03-26 03:00:00,Tourist Area,E-Bike,6.59,51.5,22.0,Foggy,High,No,No,High
2045,2024-03-26 04:00:00,Residential,Bicycle,6.61,13.8,20.8,Rainy,High,No,No,Medium
2046,2024-03-26 05:00:00,IT Hub,E-Bike,7.03,36.2,16.1,Hot,Low,Yes,No,High
2047,2024-03-26 06:00:00,Residential,E-Bike,7.19,51.7,13.7,Hot,Medium,Yes,No,Low
2048,2024-03-26 07:00:00,IT Hub,Bicycle,1.93,25.9,27.7,Foggy,High,No,Yes,Medium
2049,2024-03-26 08:00:00,IT Hub,E-Bike,5.27,30.6,27.6,Hot,Medium,No,No,High
2050,2024-03-26 09:00:00,University Zone,Bicycle,4.9,14.6,9.0,Foggy,High,Yes,No,Medium
2051,2024-03-26 10:00:00,IT Hub,Bicycle,2.33,35.9,8.0,Hot,High,Yes,No,Low
2052,2024-03-26 11:00:00,Residential,E-Bike,5.74,10.4,13.0,Foggy,Medium,Yes,No,Low
2053,2024-03-26 12:00:00,Commercial,E-Bike,1.21,34.6,25.4,Rainy,Low,Yes,No,High
2054,2024-03-26 13:00:00,Tourist Area,E-Bike,6.8,36.7,8.7,Hot,Low,No,Yes,Low
2055,2024-03-26 14:00:00,Residential,E-Scooter,3.6,58.6,23.8,Foggy,High,No,No,Low
2056,2024-03-26 15:00:00,Commercial,Bicycle,2.24,55.5,19.7,Hot,Low,No,Yes,Low
2057,2024-03-26 16:00:00,IT Hub,Bicycle,1.12,43.7,14.5,Clear,Medium,Yes,Yes,High
2058,2024-03-26 17:00:00,University Zone,Bicycle,1.34,41.3,8.8,Hot,Medium,No,No,Medium
2059,2024-03-26 18:00:00,Residential,Bicycle,4.61,27.0,15.0,Foggy,High,Yes,No,Low
2060,2024-03-26 19:00:00,Tourist Area,Bicycle,9.55,33.3,14.3,Rainy,High,No,Yes,High
2061,2024-03-26 20:00:00,IT Hub,E-Bike,3.22,16.1,15.5,Rainy,Medium,Yes,No,High
2062,2024-03-26 21:00:00,University Zone,E-Bike,2.3,27.9,24.5,Rainy,High,Yes,No,High
2063,2024-03-26 22:00:00,University Zone,E-Scooter,8.85,56.3,23.5,Foggy,High,Yes,No,High
2064,2024-03-26 23:00:00,IT Hub,Bicycle,0.52,59.8,24.6,Rainy,Medium,Yes,No,Low
2065,2024-03-27 00:00:00,Residential,E-Scooter,7.28,44.7,18.3,Hot,High,Yes,No,Low
2066,2024-03-27 01:00:00,IT Hub,E-Scooter,1.47,7.9,19.5,Rainy,High,No,No,Low
2067,2024-03-27 02:00:00,IT Hub,E-Bike,9.27,8.9,21.4,Foggy,Medium,Yes,No,Medium
2068,2024-03-27 03:00:00,Residential,E-Bike,7.39,54.6,18.3,Clear,Low,No,No,High
2069,2024-03-27 04:00:00,Commercial,E-Bike,7.32,57.7,9.0,Hot,Medium,No,No,Low
2070,2024-03-27 05:00:00,IT Hub,E-Bike,4.52,6.6,26.5,Rainy,Medium,Yes,No,Low
2071,2024-03-27 06:00:00,Residential,E-Bike,8.12,38.1,27.9,Hot,Medium,No,No,Low
2072,2024-03-27 07:00:00,IT Hub,E-Bike,9.73,51.0,26.5,Foggy,Low,No,No,Medium
2073,2024-03-27 08:00:00,IT Hub,E-Scooter,9.99,45.6,28.9,Rainy,Medium,No,No,Low
2074,2024-03-27 09:00:00,Tourist Area,Bicycle,3.46,32.1,11.8,Hot,High,Yes,No,Medium
2075,2024-03-27 10:00:00,Tourist Area,Bicycle,6.5,57.1,17.7,Hot,Medium,No,No,High
2076,2024-03-27 11:00:00,IT Hub,E-Bike,4.3,33.6,22.1,Clear,High,No,No,Medium
2077,2024-03-27 12:00:00,Tourist Area,E-Bike,5.42,49.1,11.8,Hot,High,No,No,Low
2078,2024-03-27 13:00:00,IT Hub,E-Scooter,5.22,8.5,11.3,Clear,Medium,No,Yes,Low
2079,2024-03-27 14:00:00,Residential,E-Bike,2.07,58.1,18.9,Hot,Low,Yes,No,High
2080,2024-03-27 15:00:00,IT Hub,E-Scooter,1.4,55.3,19.7,Hot,Medium,No,No,Medium
2081,2024-03-27 16:00:00,IT Hub,E-Bike,7.5,52.8,13.9,Rainy,Low,Yes,Yes,High
2082,2024-03-27 17:00:00,Residential,Bicycle,6.4,18.7,29.2,Foggy,High,No,No,Low
2083,2024-03-27 18:00:00,Commercial,Bicycle,2.54,51.9,16.4,Hot,Medium,Yes,No,Low
2084,2024-03-27 19:00:00,IT Hub,E-Scooter,5.33,6.5,17.9,Clear,Medium,Yes,No,Low
2085,2024-03-27 20:00:00,IT Hub,E-Bike,9.59,58.7,16.8,Rainy,Low,Yes,No,Low
2086,2024-03-27 21:00:00,University Zone,E-Bike,6.93,41.1,18.7,Foggy,Low,No,No,Low
2087,2024-03-27 22:00:00,Residential,E-Scooter,4.76,21.2,19.1,Foggy,High,Yes,No,Low
2088,2024-03-27 23:00:00,Commercial,E-Bike,3.11,36.3,24.2,Hot,High,Yes,No,High
2089,2024-03-28 00:00:00,IT Hub,Bicycle,4.51,43.2,17.6,Clear,Low,No,No,Low
2090,2024-03-28 01:00:00,IT Hub,Bicycle,4.86,8.3,24.4,Foggy,Low,Yes,No,Medium
2091,2024-03-28 02:00:00,Residential,Bicycle,1.85,58.0,12.6,Clear,Low,No,Yes,Medium
2092,2024-03-28 03:00:00,Commercial,E-Scooter,4.48,55.4,28.5,Foggy,Low,Yes,Yes,Low
2093,2024-03-28 04:00:00,Commercial,E-Bike,5.64,32.5,12.3,Hot,Low,Yes,No,Medium
2094,2024-03-28 05:00:00,University Zone,E-Bike,0.78,15.6,13.9,Foggy,Low,No,No,Medium
2095,2024-03-28 06:00:00,Residential,Bicycle,0.89,20.3,8.9,Hot,Medium,Yes,No,High
2096,2024-03-28 07:00:00,IT Hub,E-Scooter,5.8,24.9,19.5,Rainy,High,Yes,No,High
2097,2024-03-28 08:00:00,Tourist Area,E-Scooter,0.92,16.1,20.5,Hot,Medium,Yes,No,Low
2098,2024-03-28 09:00:00,Residential,E-Scooter,4.8,22.1,29.9,Foggy,Low,Yes,No,Medium
2099,2024-03-28 10:00:00,University Zone,Bicycle,9.23,23.8,10.0,Hot,Medium,No,No,Medium
2100,2024-03-28 11:00:00,Commercial,E-Scooter,7.92,39.2,29.4,Foggy,Medium,Yes,No,Medium
2101,2024-03-28 12:00:00,University Zone,Bicycle,9.71,59.5,14.6,Clear,Medium,Yes,No,Low
2102,2024-03-28 13:00:00,IT Hub,E-Bike,6.09,40.4,17.1,Foggy,Medium,Yes,No,Low
2103,2024-03-28 14:00:00,IT Hub,E-Bike,7.29,21.3,28.1,Hot,High,No,No,Low
2104,2024-03-28 15:00:00,Commercial,E-Bike,4.54,15.6,22.6,Foggy,High,No,No,Low
2105,2024-03-28 16:00:00,Commercial,E-Scooter,9.35,34.6,8.5,Foggy,Low,Yes,No,High
2106,2024-03-28 17:00:00,IT Hub,Bicycle,8.76,56.9,28.4,Foggy,Low,Yes,No,High
2107,2024-03-28 18:00:00,Tourist Area,Bicycle,8.17,21.3,27.7,Hot,High,No,No,Low
2108,2024-03-28 19:00:00,Commercial,Bicycle,0.85,42.0,10.4,Hot,High,No,No,High
2109,2024-03-28 20:00:00,Residential,E-Scooter,5.99,12.6,11.6,Rainy,High,Yes,No,Medium
2110,2024-03-28 21:00:00,University Zone,Bicycle,8.58,51.9,21.9,Hot,Medium,Yes,No,Low
2111,2024-03-28 22:00:00,University Zone,Bicycle,8.31,9.4,17.0,Hot,High,Yes,No,High
2112,2024-03-28 23:00:00,Residential,E-Bike,1.17,23.5,22.6,Foggy,Low,Yes,No,Low
2113,2024-03-29 00:00:00,Commercial,Bicycle,1.48,37.1,21.7,Clear,High,Yes,No,Low
2114,2024-03-29 01:00:00,Tourist Area,E-Bike,5.28,55.5,9.3,Hot,Medium,Yes,No,High
2115,2024-03-29 02:00:00,Tourist Area,Bicycle,8.58,40.2,13.5,Foggy,Medium,No,No,Medium
2116,2024-03-29 03:00:00,Residential,E-Scooter,3.6,51.8,18.0,Rainy,High,No,No,Medium
2117,2024-03-29 04:00:00,IT Hub,E-Scooter,1.16,45.6,29.7,Rainy,High,No,No,Low
2118,2024-03-29 05:00:00,Commercial,E-Bike,3.49,52.3,17.5,Hot,High,No,No,Medium
2119,2024-03-29 06:00:00,Commercial,Bicycle,7.76,15.1,27.3,Clear,Low,No,No,Medium
2120,2024-03-29 07:00:00,IT Hub,E-Scooter,3.2,28.1,9.3,Hot,Low,No,No,Medium
2121,2024-03-29 08:00:00,IT Hub,E-Scooter,2.75,40.9,13.5,Foggy,High,No,No,Low
2122,2024-03-29 09:00:00,IT Hub,E-Scooter,1.16,55.4,15.2,Foggy,Low,No,No,Low
2123,2024-03-29 10:00:00,University Zone,E-Bike,6.61,20.0,8.0,Hot,High,Yes,No,Low
2124,2024-03-29 11:00:00,Residential,Bicycle,8.94,11.2,27.8,Hot,Low,No,No,High
2125,2024-03-29 12:00:00,Tourist Area,Bicycle,1.39,21.6,15.2,Rainy,High,Yes,No,High
2126,2024-03-29 13:00:00,University Zone,E-Bike,3.92,38.2,22.4,Foggy,Low,Yes,No,Medium
2127,2024-03-29 14:00:00,Tourist Area,E-Scooter,9.86,31.8,11.1,Rainy,Medium,No,No,High
2128,2024-03-29 15:00:00,Commercial,E-Scooter,4.76,40.7,13.8,Hot,Medium,Yes,No,Low
2129,2024-03-29 16:00:00,Commercial,E-Bike,4.87,24.8,18.2,Clear,Low,No,No,Low
2130,2024-03-29 17:00:00,Commercial,E-Scooter,7.84,5.2,18.8,Foggy,Medium,No,No,Medium
2131,2024-03-29 18:00:00,University Zone,E-Bike,5.87,20.5,22.0,Rainy,Medium,No,No,High
2132,2024-03-29 19:00:00,Commercial,E-Scooter,1.99,59.2,10.3,Hot,Medium,No,No,Medium
2133,2024-03-29 20:00:00,Tourist Area,E-Scooter,7.83,56.8,18.6,Rainy,High,Yes,No,High
2134,2024-03-29 21:00:00,Tourist Area,E-Bike,5.19,25.1,12.6,Clear,Medium,Yes,No,High
2135,2024-03-29 22:00:00,IT Hub,E-Bike,6.67,30.2,8.3,Clear,High,No,No,High
2136,2024-03-29 23:00:00,Commercial,E-Scooter,2.8,38.6,29.1,Clear,Medium,Yes,No,Medium
2137,2024-03-30 00:00:00,Tourist Area,E-Bike,4.72,56.8,27.4,Rainy,Medium,No,Yes,Medium
2138,2024-03-30 01:00:00,Commercial,E-Scooter,9.43,59.3,24.4,Clear,High,No,No,Medium
2139,2024-03-30 02:00:00,Residential,E-Scooter,9.35,23.1,17.6,Hot,Low,No,No,High
2140,2024-03-30 03:00:00,University Zone,Bicycle,3.56,55.2,21.5,Foggy,Medium,Yes,Yes,Low
2141,2024-03-30 04:00:00,Residential,Bicycle,7.13,26.0,29.0,Foggy,Medium,Yes,Yes,Medium
2142,2024-03-30 05:00:00,IT Hub,Bicycle,5.63,7.5,8.5,Clear,High,Yes,No,Low
2143,2024-03-30 06:00:00,Residential,E-Bike,8.56,45.8,30.0,Rainy,Medium,Yes,No,High
2144,2024-03-30 07:00:00,Commercial,Bicycle,8.98,38.0,28.7,Foggy,Medium,No,No,Low
2145,2024-03-30 08:00:00,Tourist Area,Bicycle,6.22,10.0,10.8,Hot,Low,Yes,No,Medium
2146,2024-03-30 09:00:00,University Zone,E-Scooter,6.06,42.5,19.9,Foggy,Medium,Yes,No,Medium
2147,2024-03-30 10:00:00,IT Hub,E-Bike,4.2,38.7,8.0,Rainy,Low,Yes,No,Medium
2148,2024-03-30 11:00:00,IT Hub,E-Bike,8.33,47.6,26.8,Foggy,High,No,No,Low
2149,2024-03-30 12:00:00,University Zone,E-Scooter,7.44,39.5,15.3,Foggy,Low,Yes,No,Low
2150,2024-03-30 13:00:00,Tourist Area,Bicycle,4.26,13.3,18.5,Rainy,High,No,No,Low
2151,2024-03-30 14:00:00,IT Hub,E-Bike,3.3,29.4,25.5,Hot,Low,No,No,High
2152,2024-03-30 15:00:00,Tourist Area,E-Scooter,4.89,6.8,23.3,Clear,Medium,No,No,Low
2153,2024-03-30 16:00:00,IT Hub,Bicycle,7.47,9.1,12.8,Hot,Low,Yes,No,Low
2154,2024-03-30 17:00:00,Tourist Area,E-Scooter,3.93,11.6,23.3,Hot,High,No,No,Low
2155,2024-03-30 18:00:00,Commercial,Bicycle,6.08,11.9,9.5,Rainy,High,Yes,No,Low
2156,2024-03-30 19:00:00,IT Hub,E-Scooter,9.13,47.9,20.0,Hot,Low,No,Yes,Low
2157,2024-03-30 20:00:00,Residential,E-Bike,1.38,54.5,21.3,Foggy,Low,Yes,No,Low
2158,2024-03-30 21:00:00,IT Hub,E-Bike,6.89,31.6,21.8,Hot,Medium,No,No,Low
2159,2024-03-30 22:00:00,Tourist Area,Bicycle,2.5,13.8,20.3,Foggy,High,Yes,Yes,Low
2160,2024-03-30 23:00:00,University Zone,Bicycle,6.09,5.4,12.4,Rainy,Medium,Yes,No,Low
2161,2024-03-31 00:00:00,University Zone,E-Scooter,6.92,33.2,20.1,Rainy,Low,No,No,Low
2162,2024-03-31 01:00:00,Tourist Area,E-Bike,6.33,32.6,21.6,Clear,Medium,Yes,No,Low
2163,2024-03-31 02:00:00,Commercial,Bicycle,2.84,20.7,10.4,Rainy,Low,Yes,No,Low
2164,2024-03-31 03:00:00,Residential,E-Scooter,0.86,40.4,15.7,Clear,Low,Yes,Yes,Low
2165,2024-03-31 04:00:00,IT Hub,Bicycle,8.22,45.3,21.7,Clear,Medium,Yes,No,Low
2166,2024-03-31 05:00:00,IT Hub,E-Scooter,8.85,44.8,13.7,Hot,High,No,No,Low
2167,2024-03-31 06:00:00,Tourist Area,Bicycle,2.2,19.6,23.1,Rainy,Medium,Yes,No,Medium
2168,2024-03-31 07:00:00,IT Hub,Bicycle,5.51,15.1,16.5,Foggy,High,No,No,Low
2169,2024-03-31 08:00:00,Tourist Area,Bicycle,9.37,22.9,14.5,Rainy,Medium,No,Yes,Low
2170,2024-03-31 09:00:00,Tourist Area,Bicycle,4.73,37.4,24.2,Hot,High,Yes,No,High
2171,2024-03-31 10:00:00,Tourist Area,E-Scooter,9.62,36.4,9.6,Foggy,High,No,Yes,Low
2172,2024-03-31 11:00:00,University Zone,Bicycle,3.99,57.2,9.0,Foggy,Low,No,No,Medium
2173,2024-03-31 12:00:00,IT Hub,E-Bike,9.2,59.3,27.9,Hot,Low,Yes,No,High
2174,2024-03-31 13:00:00,University Zone,Bicycle,7.8,55.1,14.5,Clear,Medium,No,No,Low
2175,2024-03-31 14:00:00,Tourist Area,Bicycle,0.68,33.3,15.4,Rainy,High,Yes,No,Medium
2176,2024-03-31 15:00:00,Tourist Area,E-Bike,0.98,15.8,25.1,Hot,Medium,Yes,No,Low
2177,2024-03-31 16:00:00,Tourist Area,Bicycle,2.26,23.3,11.6,Clear,High,No,No,Low
2178,2024-03-31 17:00:00,IT Hub,E-Scooter,7.57,22.3,21.9,Hot,Low,Yes,No,Low
2179,2024-03-31 18:00:00,University Zone,E-Scooter,4.53,21.0,11.7,Clear,Medium,No,No,Medium
2180,2024-03-31 19:00:00,IT Hub,Bicycle,6.8,13.8,27.5,Foggy,Medium,No,No,Low
2181,2024-03-31 20:00:00,Residential,E-Scooter,1.92,25.3,10.2,Foggy,High,No,No,Medium
2182,2024-03-31 21:00:00,Residential,Bicycle,9.11,24.2,12.2,Hot,High,No,No,Low
2183,2024-03-31 22:00:00,Residential,E-Bike,6.55,39.9,19.7,Hot,Medium,Yes,No,High
2184,2024-03-31 23:00:00,Residential,E-Scooter,6.46,21.5,12.4,Rainy,Low,Yes,No,Medium
2185,2024-04-01 00:00:00,Tourist Area,Bicycle,9.85,43.5,18.7,Clear,Medium,Yes,No,Low
2186,2024-04-01 01:00:00,University Zone,E-Scooter,1.82,21.1,27.0,Hot,Low,No,No,Low
2187,2024-04-01 02:00:00,Commercial,Bicycle,2.64,50.6,28.0,Foggy,High,Yes,Yes,High
2188,2024-04-01 03:00:00,Commercial,E-Bike,6.07,14.9,16.6,Hot,High,Yes,No,Low
2189,2024-04-01 04:00:00,Residential,Bicycle,1.87,57.8,21.3,Foggy,Low,No,No,Low
2190,2024-04-01 05:00:00,University Zone,E-Scooter,6.59,38.8,15.4,Clear,High,No,No,Medium
2191,2024-04-01 06:00:00,IT Hub,E-Scooter,6.34,57.2,23.1,Clear,Medium,Yes,No,Low
2192,2024-04-01 07:00:00,IT Hub,E-Bike,5.54,10.7,24.9,Hot,Medium,Yes,No,Medium
2193,2024-04-01 08:00:00,Residential,E-Bike,4.59,30.0,8.5,Rainy,Medium,Yes,No,High
2194,2024-04-01 09:00:00,Residential,Bicycle,8.41,44.7,22.6,Foggy,Medium,No,No,High
2195,2024-04-01 10:00:00,IT Hub,Bicycle,7.89,17.4,24.0,Rainy,Low,Yes,No,High
2196,2024-04-01 11:00:00,Commercial,Bicycle,6.28,54.2,20.7,Hot,Low,Yes,No,Low
2197,2024-04-01 12:00:00,Commercial,Bicycle,7.37,48.2,15.2,Rainy,High,Yes,No,Medium
2198,2024-04-01 13:00:00,Tourist Area,E-Scooter,5.47,32.5,18.8,Foggy,Medium,Yes,No,Low
2199,2024-04-01 14:00:00,Commercial,Bicycle,1.83,25.7,14.9,Rainy,Medium,Yes,No,High
2200,2024-04-01 15:00:00,IT Hub,E-Bike,2.0,35.7,22.6,Rainy,High,Yes,No,Low
2201,2024-04-01 16:00:00,Residential,E-Scooter,3.23,50.6,14.7,Hot,Low,Yes,No,High
2202,2024-04-01 17:00:00,IT Hub,E-Bike,7.19,15.6,12.2,Hot,High,No,No,High
2203,2024-04-01 18:00:00,IT Hub,E-Scooter,1.77,8.7,8.1,Clear,Medium,Yes,No,Low
2204,2024-04-01 19:00:00,Tourist Area,Bicycle,5.5,46.8,17.8,Foggy,High,No,Yes,Medium
2205,2024-04-01 20:00:00,Commercial,E-Scooter,9.06,22.6,17.6,Foggy,Low,Yes,No,Low
2206,2024-04-01 21:00:00,Commercial,Bicycle,8.09,41.7,18.9,Foggy,High,Yes,Yes,Medium
2207,2024-04-01 22:00:00,IT Hub,E-Scooter,7.25,26.4,12.2,Clear,Low,Yes,No,Low
2208,2024-04-01 23:00:00,Tourist Area,E-Bike,2.53,58.2,24.8,Rainy,High,Yes,No,Low
2209,2024-04-02 00:00:00,IT Hub,Bicycle,7.59,30.6,26.6,Rainy,Medium,Yes,No,High
2210,2024-04-02 01:00:00,University Zone,E-Bike,1.21,9.1,24.0,Rainy,High,No,No,Low
2211,2024-04-02 02:00:00,University Zone,E-Scooter,5.12,35.3,22.3,Hot,Medium,No,No,High
2212,2024-04-02 03:00:00,Commercial,E-Bike,5.97,9.7,21.8,Hot,Medium,Yes,No,High
2213,2024-04-02 04:00:00,IT Hub,E-Bike,7.43,59.8,28.0,Hot,Medium,Yes,No,Low
2214,2024-04-02 05:00:00,Commercial,Bicycle,5.73,18.0,11.2,Hot,High,Yes,Yes,Low
2215,2024-04-02 06:00:00,University Zone,Bicycle,5.71,17.6,11.6,Foggy,High,Yes,No,Low
2216,2024-04-02 07:00:00,University Zone,E-Scooter,4.33,30.6,24.4,Clear,Low,No,No,Medium
2217,2024-04-02 08:00:00,IT Hub,E-Bike,8.57,35.3,15.2,Hot,Low,No,No,Low
2218,2024-04-02 09:00:00,Tourist Area,E-Scooter,1.95,37.7,25.1,Clear,Medium,No,No,Low
2219,2024-04-02 10:00:00,Commercial,Bicycle,4.36,47.3,18.7,Clear,Low,Yes,Yes,Medium
2220,2024-04-02 11:00:00,IT Hub,Bicycle,3.02,38.6,26.6,Hot,Low,No,No,Low
2221,2024-04-02 12:00:00,University Zone,E-Bike,2.79,32.7,29.6,Hot,Low,No,No,High
2222,2024-04-02 13:00:00,Commercial,Bicycle,3.61,25.8,9.0,Foggy,High,No,Yes,Low
2223,2024-04-02 14:00:00,Residential,E-Scooter,7.02,8.4,17.0,Foggy,Medium,No,No,Low
2224,2024-04-02 15:00:00,Commercial,E-Bike,2.18,57.8,28.3,Clear,Low,Yes,No,Low
2225,2024-04-02 16:00:00,Tourist Area,E-Bike,9.09,10.8,30.0,Clear,High,Yes,No,Low
2226,2024-04-02 17:00:00,IT Hub,E-Bike,9.27,8.7,11.4,Hot,Low,Yes,No,Medium
2227,2024-04-02 18:00:00,IT Hub,E-Bike,3.99,14.5,27.8,Hot,Low,Yes,No,Low
2228,2024-04-02 19:00:00,Tourist Area,E-Bike,3.39,24.5,26.1,Foggy,Low,No,No,Low
2229,2024-04-02 20:00:00,Commercial,E-Bike,7.31,26.7,13.4,Clear,Low,Yes,No,High
2230,2024-04-02 21:00:00,Commercial,E-Bike,5.95,33.5,23.3,Foggy,Medium,No,No,Low
2231,2024-04-02 22:00:00,University Zone,E-Bike,1.2,59.6,21.3,Foggy,Low,Yes,No,Low
2232,2024-04-02 23:00:00,Commercial,E-Scooter,8.73,53.1,24.4,Foggy,Medium,No,No,High
2233,2024-04-03 00:00:00,Residential,Bicycle,9.19,39.4,22.1,Clear,Low,No,No,Medium
2234,2024-04-03 01:00:00,Tourist Area,Bicycle,1.72,21.4,11.4,Foggy,High,No,No,High
2235,2024-04-03 02:00:00,University Zone,Bicycle,8.15,5.0,24.1,Clear,Low,No,Yes,Low
2236,2024-04-03 03:00:00,IT Hub,Bicycle,4.5,25.3,20.3,Rainy,High,Yes,No,High
2237,2024-04-03 04:00:00,Tourist Area,E-Bike,0.99,28.1,17.4,Clear,Medium,No,No,Low
2238,2024-04-03 05:00:00,IT Hub,E-Scooter,0.92,18.0,15.8,Hot,Low,No,No,Low
2239,2024-04-03 06:00:00,Tourist Area,E-Bike,8.38,39.1,11.9,Hot,Low,Yes,No,Medium
2240,2024-04-03 07:00:00,IT Hub,E-Scooter,2.3,24.5,22.5,Hot,Medium,Yes,No,High
2241,2024-04-03 08:00:00,IT Hub,E-Scooter,9.02,46.5,20.5,Foggy,High,Yes,No,Low
2242,2024-04-03 09:00:00,University Zone,E-Scooter,2.13,37.9,28.5,Hot,Low,Yes,No,High
2243,2024-04-03 10:00:00,Commercial,E-Scooter,6.28,33.1,28.1,Foggy,Medium,Yes,No,Low
2244,2024-04-03 11:00:00,Commercial,Bicycle,1.35,11.9,22.2,Hot,Medium,Yes,Yes,Medium
2245,2024-04-03 12:00:00,Tourist Area,Bicycle,6.79,59.6,23.0,Rainy,High,Yes,No,Medium
2246,2024-04-03 13:00:00,University Zone,E-Scooter,1.29,8.4,9.0,Rainy,High,Yes,No,Low
2247,2024-04-03 14:00:00,Commercial,E-Scooter,4.75,20.3,23.4,Rainy,High,Yes,No,Medium
2248,2024-04-03 15:00:00,IT Hub,E-Bike,8.84,42.5,19.8,Foggy,Low,Yes,No,Medium
2249,2024-04-03 16:00:00,Tourist Area,E-Scooter,2.02,21.0,11.8,Rainy,Medium,No,No,High
2250,2024-04-03 17:00:00,Commercial,E-Bike,1.66,13.0,13.6,Foggy,Medium,No,No,Low
2251,2024-04-03 18:00:00,Residential,Bicycle,5.23,19.9,17.9,Foggy,Low,No,No,Medium
2252,2024-04-03 19:00:00,Commercial,E-Scooter,7.4,58.5,11.7,Hot,Medium,Yes,No,Medium
2253,2024-04-03 20:00:00,IT Hub,Bicycle,7.25,47.4,16.0,Clear,High,Yes,No,Medium
2254,2024-04-03 21:00:00,University Zone,Bicycle,4.67,42.1,26.0,Rainy,High,Yes,No,Medium
2255,2024-04-03 22:00:00,Tourist Area,E-Scooter,3.23,46.4,22.0,Hot,High,Yes,No,Medium
2256,2024-04-03 23:00:00,IT Hub,E-Scooter,3.99,48.2,23.8,Clear,Low,Yes,No,High
2257,2024-04-04 00:00:00,IT Hub,Bicycle,3.15,54.5,13.6,Rainy,High,No,No,Low
2258,2024-04-04 01:00:00,Residential,E-Scooter,7.86,57.7,27.7,Rainy,Low,No,No,Medium
2259,2024-04-04 02:00:00,IT Hub,E-Bike,1.29,5.1,8.8,Clear,Medium,No,No,Medium
2260,2024-04-04 03:00:00,Residential,E-Scooter,2.71,48.6,15.9,Clear,High,No,No,High
2261,2024-04-04 04:00:00,IT Hub,E-Scooter,1.94,7.7,13.3,Rainy,Medium,Yes,No,Low
2262,2024-04-04 05:00:00,Commercial,Bicycle,2.25,26.2,18.6,Clear,High,Yes,No,High
2263,2024-04-04 06:00:00,Tourist Area,Bicycle,1.87,33.1,22.4,Foggy,High,No,No,Low
2264,2024-04-04 07:00:00,University Zone,Bicycle,4.83,41.1,28.6,Clear,High,Yes,No,Low
2265,2024-04-04 08:00:00,Residential,E-Scooter,0.65,31.3,21.1,Clear,Low,Yes,No,Medium
2266,2024-04-04 09:00:00,University Zone,E-Bike,8.13,37.7,27.3,Foggy,High,Yes,No,Low
2267,2024-04-04 10:00:00,Tourist Area,Bicycle,9.65,23.4,15.3,Hot,Low,No,No,Low
2268,2024-04-04 11:00:00,Residential,E-Scooter,1.92,15.6,22.7,Clear,Low,Yes,No,Low
2269,2024-04-04 12:00:00,IT Hub,E-Scooter,2.49,39.9,26.2,Foggy,Low,No,No,Medium
2270,2024-04-04 13:00:00,Residential,E-Scooter,9.55,19.3,24.1,Rainy,High,No,No,Low
2271,2024-04-04 14:00:00,University Zone,E-Scooter,5.82,19.4,18.0,Hot,Low,Yes,No,Low
2272,2024-04-04 15:00:00,Tourist Area,Bicycle,1.13,53.4,27.1,Clear,Medium,Yes,No,High
2273,2024-04-04 16:00:00,IT Hub,E-Bike,8.97,29.8,13.6,Rainy,Medium,Yes,No,High
2274,2024-04-04 17:00:00,Commercial,Bicycle,6.04,6.0,8.8,Hot,Medium,No,No,Low
2275,2024-04-04 18:00:00,IT Hub,E-Bike,8.28,54.2,27.3,Foggy,High,No,No,Low
2276,2024-04-04 19:00:00,IT Hub,E-Scooter,7.04,23.2,25.1,Hot,High,Yes,No,Medium
2277,2024-04-04 20:00:00,Commercial,Bicycle,1.21,10.9,16.8,Foggy,Medium,No,No,Low
2278,2024-04-04 21:00:00,IT Hub,Bicycle,4.3,19.3,18.9,Rainy,High,Yes,No,Low
2279,2024-04-04 22:00:00,IT Hub,E-Bike,4.4,59.0,21.2,Hot,High,Yes,No,High
2280,2024-04-04 23:00:00,University Zone,Bicycle,9.94,40.2,24.1,Rainy,Medium,No,No,High
2281,2024-04-05 00:00:00,Commercial,E-Bike,1.36,11.8,8.4,Foggy,Low,No,No,Low
2282,2024-04-05 01:00:00,Residential,Bicycle,4.05,42.6,26.4,Hot,Low,Yes,No,Low
2283,2024-04-05 02:00:00,IT Hub,E-Scooter,9.58,41.5,12.9,Hot,High,No,Yes,Low
2284,2024-04-05 03:00:00,IT Hub,Bicycle,9.57,30.7,9.3,Foggy,Low,No,No,Low
2285,2024-04-05 04:00:00,University Zone,E-Scooter,1.21,48.3,9.0,Rainy,Low,Yes,No,Low
2286,2024-04-05 05:00:00,IT Hub,E-Bike,2.39,48.5,20.0,Clear,Low,Yes,No,High
2287,2024-04-05 06:00:00,University Zone,E-Scooter,1.28,20.6,22.2,Hot,Medium,No,No,Low
2288,2024-04-05 07:00:00,University Zone,E-Bike,8.05,9.1,20.2,Rainy,Medium,No,No,Medium
2289,2024-04-05 08:00:00,IT Hub,Bicycle,9.57,12.0,17.1,Hot,High,No,No,Medium
2290,2024-04-05 09:00:00,IT Hub,E-Scooter,3.47,12.9,9.0,Hot,Low,Yes,No,Low
2291,2024-04-05 10:00:00,IT Hub,Bicycle,1.76,39.1,16.9,Foggy,Medium,Yes,No,Low
2292,2024-04-05 11:00:00,Commercial,E-Bike,5.85,16.9,26.3,Foggy,High,Yes,No,Low
2293,2024-04-05 12:00:00,Tourist Area,E-Scooter,1.9,29.5,29.9,Hot,High,No,No,Medium
2294,2024-04-05 13:00:00,Tourist Area,E-Scooter,6.73,49.3,18.7,Clear,Medium,No,No,Low
2295,2024-04-05 14:00:00,University Zone,E-Scooter,6.56,22.8,13.7,Foggy,High,Yes,No,Medium
2296,2024-04-05 15:00:00,Commercial,Bicycle,7.02,24.2,11.8,Clear,High,No,No,Low
2297,2024-04-05 16:00:00,Commercial,Bicycle,7.48,23.5,17.8,Clear,Medium,No,No,Low
2298,2024-04-05 17:00:00,Residential,Bicycle,8.61,49.8,26.2,Foggy,Medium,No,No,Medium
2299,2024-04-05 18:00:00,Residential,E-Bike,6.44,35.9,13.5,Rainy,Low,No,Yes,Low
2300,2024-04-05 19:00:00,Tourist Area,E-Bike,1.88,22.6,28.9,Rainy,High,No,No,Medium
2301,2024-04-05 20:00:00,Commercial,E-Bike,3.41,26.8,12.4,Rainy,Medium,Yes,No,High
2302,2024-04-05 21:00:00,IT Hub,E-Scooter,1.27,18.3,12.8,Hot,Medium,Yes,Yes,High
2303,2024-04-05 22:00:00,University Zone,Bicycle,5.41,46.0,14.4,Hot,Medium,No,No,Low
2304,2024-04-05 23:00:00,Residential,E-Bike,2.18,38.0,19.1,Clear,High,Yes,No,Low
2305,2024-04-06 00:00:00,IT Hub,Bicycle,9.62,50.6,13.4,Clear,High,Yes,No,Low
2306,2024-04-06 01:00:00,University Zone,E-Scooter,6.33,11.3,28.2,Hot,Low,Yes,No,Medium
2307,2024-04-06 02:00:00,Commercial,Bicycle,1.02,36.1,28.0,Rainy,Medium,Yes,No,Low
2308,2024-04-06 03:00:00,Residential,E-Bike,5.64,20.5,14.2,Clear,Low,Yes,Yes,Low
2309,2024-04-06 04:00:00,Residential,E-Scooter,6.82,35.8,21.9,Rainy,High,Yes,No,Low
2310,2024-04-06 05:00:00,Tourist Area,E-Bike,5.44,7.0,11.7,Hot,Medium,No,No,Low
2311,2024-04-06 06:00:00,Residential,E-Bike,0.74,53.8,12.6,Hot,Low,No,No,Medium
2312,2024-04-06 07:00:00,Commercial,E-Bike,5.87,44.9,28.3,Clear,High,Yes,No,Low
2313,2024-04-06 08:00:00,Tourist Area,Bicycle,7.95,34.3,9.1,Hot,High,No,No,Low
2314,2024-04-06 09:00:00,University Zone,E-Scooter,5.8,53.6,22.0,Clear,High,No,Yes,Medium
2315,2024-04-06 10:00:00,Residential,E-Bike,8.65,24.3,20.9,Foggy,Low,No,Yes,High
2316,2024-04-06 11:00:00,Tourist Area,E-Bike,3.51,52.7,21.1,Rainy,Medium,No,No,Medium
2317,2024-04-06 12:00:00,Commercial,E-Scooter,3.34,22.0,27.1,Hot,High,Yes,No,Low
2318,2024-04-06 13:00:00,Commercial,E-Bike,3.15,25.5,9.6,Rainy,Medium,No,No,High
2319,2024-04-06 14:00:00,IT Hub,E-Scooter,5.29,13.8,27.2,Hot,Medium,Yes,No,High
2320,2024-04-06 15:00:00,Tourist Area,E-Bike,6.92,42.9,11.7,Rainy,Medium,No,No,High
2321,2024-04-06 16:00:00,University Zone,E-Bike,9.84,12.5,13.0,Hot,Medium,No,Yes,Medium
2322,2024-04-06 17:00:00,Commercial,E-Bike,4.09,57.9,29.5,Rainy,Low,Yes,No,Medium
2323,2024-04-06 18:00:00,Commercial,Bicycle,9.73,40.4,27.6,Hot,Medium,Yes,No,Low
2324,2024-04-06 19:00:00,IT Hub,E-Scooter,1.88,36.1,28.0,Hot,High,No,Yes,Low
2325,2024-04-06 20:00:00,Tourist Area,Bicycle,2.24,43.3,13.5,Foggy,High,No,No,Medium
2326,2024-04-06 21:00:00,University Zone,Bicycle,5.96,53.6,13.8,Hot,High,No,Yes,Medium
2327,2024-04-06 22:00:00,Residential,E-Scooter,6.91,32.4,19.7,Hot,High,No,Yes,Low
2328,2024-04-06 23:00:00,IT Hub,E-Scooter,4.03,16.7,10.7,Rainy,Medium,No,No,High
2329,2024-04-07 00:00:00,Commercial,E-Scooter,4.77,16.2,11.5,Rainy,Medium,No,No,Low
2330,2024-04-07 01:00:00,Residential,E-Scooter,6.88,8.8,28.5,Clear,Medium,No,No,Low
2331,2024-04-07 02:00:00,Tourist Area,E-Bike,4.52,55.2,25.7,Foggy,High,Yes,No,High
2332,2024-04-07 03:00:00,IT Hub,Bicycle,3.14,22.7,17.0,Clear,High,No,No,Low
2333,2024-04-07 04:00:00,University Zone,Bicycle,2.71,33.7,16.6,Clear,High,No,No,Medium
2334,2024-04-07 05:00:00,Commercial,E-Bike,2.56,22.5,24.9,Hot,Medium,No,No,High
2335,2024-04-07 06:00:00,Commercial,Bicycle,7.15,6.1,8.7,Clear,Medium,Yes,No,High
2336,2024-04-07 07:00:00,University Zone,Bicycle,5.6,56.8,19.6,Clear,Medium,Yes,No,Low
2337,2024-04-07 08:00:00,Commercial,E-Scooter,9.38,55.1,14.9,Clear,Medium,No,No,Medium
2338,2024-04-07 09:00:00,Residential,E-Bike,1.7,58.5,22.1,Clear,High,No,No,Low
2339,2024-04-07 10:00:00,Tourist Area,E-Bike,4.93,10.1,15.5,Hot,Low,No,Yes,High
2340,2024-04-07 11:00:00,Commercial,E-Bike,9.22,57.7,14.6,Foggy,Medium,Yes,No,Medium
2341,2024-04-07 12:00:00,IT Hub,E-Bike,6.59,20.0,15.6,Rainy,High,No,No,Low
2342,2024-04-07 13:00:00,Residential,E-Scooter,5.36,56.1,19.8,Rainy,High,Yes,No,Medium
2343,2024-04-07 14:00:00,IT Hub,Bicycle,4.66,49.6,22.4,Hot,Medium,No,No,Medium
2344,2024-04-07 15:00:00,Tourist Area,E-Bike,5.18,36.2,27.3,Clear,High,Yes,No,Medium
2345,2024-04-07 16:00:00,Tourist Area,E-Scooter,7.14,26.2,17.2,Rainy,High,No,No,Medium
2346,2024-04-07 17:00:00,Commercial,E-Scooter,6.22,38.3,8.6,Clear,High,Yes,Yes,Low
2347,2024-04-07 18:00:00,Commercial,Bicycle,2.88,20.3,22.0,Hot,Low,No,No,Medium
2348,2024-04-07 19:00:00,Commercial,Bicycle,9.49,53.9,22.0,Hot,Low,Yes,No,Low
2349,2024-04-07 20:00:00,Residential,E-Bike,2.15,5.7,19.0,Rainy,Low,Yes,No,Low
2350,2024-04-07 21:00:00,IT Hub,E-Bike,0.51,14.3,24.5,Rainy,Low,Yes,No,High
2351,2024-04-07 22:00:00,University Zone,Bicycle,5.93,56.2,19.3,Rainy,Low,Yes,No,Medium
2352,2024-04-07 23:00:00,Residential,E-Bike,9.04,21.5,18.9,Clear,High,Yes,No,Low
2353,2024-04-08 00:00:00,University Zone,Bicycle,1.82,56.2,28.8,Foggy,High,Yes,No,High
2354,2024-04-08 01:00:00,University Zone,Bicycle,8.41,18.8,20.0,Hot,High,Yes,No,High
2355,2024-04-08 02:00:00,University Zone,Bicycle,2.06,5.3,29.2,Clear,Low,No,No,Low
2356,2024-04-08 03:00:00,Commercial,E-Bike,4.04,45.3,24.4,Clear,High,Yes,No,Low
2357,2024-04-08 04:00:00,University Zone,E-Bike,3.12,37.7,23.5,Foggy,Low,Yes,No,Low
2358,2024-04-08 05:00:00,IT Hub,E-Bike,5.57,29.3,27.7,Rainy,High,Yes,No,Low
2359,2024-04-08 06:00:00,Commercial,E-Scooter,9.09,15.8,25.9,Clear,High,Yes,No,Low
2360,2024-04-08 07:00:00,IT Hub,Bicycle,8.2,58.9,11.9,Clear,Low,Yes,No,High
2361,2024-04-08 08:00:00,Tourist Area,E-Scooter,9.89,54.4,13.5,Rainy,Low,Yes,No,Medium
2362,2024-04-08 09:00:00,IT Hub,Bicycle,3.2,15.5,18.4,Clear,High,Yes,No,Low
2363,2024-04-08 10:00:00,University Zone,Bicycle,1.37,36.6,23.2,Clear,High,Yes,No,Low
2364,2024-04-08 11:00:00,Tourist Area,E-Bike,1.14,43.5,27.8,Rainy,High,Yes,No,Medium
2365,2024-04-08 12:00:00,University Zone,E-Bike,6.63,13.2,16.2,Foggy,High,Yes,No,Medium
2366,2024-04-08 13:00:00,Residential,E-Scooter,9.61,53.7,9.9,Foggy,High,No,No,Medium
2367,2024-04-08 14:00:00,University Zone,E-Scooter,4.93,48.2,13.4,Clear,High,Yes,No,Low
2368,2024-04-08 15:00:00,Tourist Area,Bicycle,2.55,12.0,21.5,Rainy,Low,Yes,No,Low
2369,2024-04-08 16:00:00,University Zone,E-Bike,2.41,30.1,14.1,Hot,High,No,No,High
2370,2024-04-08 17:00:00,Tourist Area,Bicycle,9.66,41.0,10.8,Hot,Medium,Yes,No,Low
2371,2024-04-08 18:00:00,Residential,E-Scooter,3.57,17.0,23.4,Hot,Low,No,No,Medium
2372,2024-04-08 19:00:00,University Zone,E-Scooter,9.58,5.3,19.0,Foggy,Low,No,No,Low
2373,2024-04-08 20:00:00,Tourist Area,E-Bike,4.07,58.5,20.5,Rainy,Low,Yes,No,Low
2374,2024-04-08 21:00:00,Tourist Area,E-Scooter,7.4,22.0,12.9,Foggy,High,No,No,Medium
2375,2024-04-08 22:00:00,Tourist Area,E-Bike,6.38,35.8,22.8,Hot,High,Yes,No,Low
2376,2024-04-08 23:00:00,Tourist Area,E-Bike,2.65,7.3,13.9,Hot,Low,No,No,Medium
2377,2024-04-09 00:00:00,University Zone,E-Scooter,8.67,59.2,24.6,Clear,High,Yes,No,Low
2378,2024-04-09 01:00:00,Commercial,E-Scooter,3.3,57.6,29.4,Rainy,Low,Yes,No,Low
2379,2024-04-09 02:00:00,IT Hub,E-Bike,9.95,16.2,17.7,Clear,Low,Yes,Yes,Medium
2380,2024-04-09 03:00:00,Tourist Area,Bicycle,4.89,50.1,21.0,Rainy,Low,No,No,High
2381,2024-04-09 04:00:00,Commercial,E-Scooter,2.62,41.7,11.4,Rainy,Low,No,No,Low
2382,2024-04-09 05:00:00,University Zone,Bicycle,0.61,48.6,23.6,Foggy,Low,Yes,No,Low
2383,2024-04-09 06:00:00,Residential,Bicycle,8.62,24.9,20.1,Foggy,Low,Yes,No,High
2384,2024-04-09 07:00:00,Tourist Area,Bicycle,7.43,33.3,19.1,Clear,High,Yes,No,Medium
2385,2024-04-09 08:00:00,Commercial,E-Bike,3.96,54.8,23.4,Rainy,Medium,Yes,No,High
2386,2024-04-09 09:00:00,Commercial,E-Bike,3.52,34.3,21.3,Clear,High,Yes,No,Medium
2387,2024-04-09 10:00:00,Residential,E-Bike,3.58,10.2,11.4,Foggy,High,No,No,Low
2388,2024-04-09 11:00:00,Commercial,E-Scooter,3.34,17.6,13.0,Foggy,Low,No,No,Medium
2389,2024-04-09 12:00:00,Commercial,E-Scooter,4.63,39.3,29.0,Rainy,High,No,No,Low
2390,2024-04-09 13:00:00,IT Hub,E-Bike,5.19,33.9,16.1,Hot,Low,Yes,No,Low
2391,2024-04-09 14:00:00,University Zone,E-Bike,3.08,38.1,24.6,Hot,Low,Yes,No,Medium
2392,2024-04-09 15:00:00,Residential,Bicycle,0.84,59.6,9.8,Rainy,High,No,No,High
2393,2024-04-09 16:00:00,Tourist Area,Bicycle,2.94,58.3,19.0,Hot,Low,Yes,No,Low
2394,2024-04-09 17:00:00,IT Hub,E-Bike,7.04,14.6,14.4,Clear,Low,No,Yes,High
2395,2024-04-09 18:00:00,Tourist Area,E-Bike,1.51,15.4,12.8,Hot,High,Yes,No,Low
2396,2024-04-09 19:00:00,IT Hub,E-Bike,1.17,13.5,16.0,Rainy,High,No,No,Low
2397,2024-04-09 20:00:00,Commercial,Bicycle,0.67,20.3,13.7,Foggy,Low,Yes,No,Medium
2398,2024-04-09 21:00:00,Residential,E-Bike,7.78,33.2,20.7,Rainy,Medium,No,No,Low
2399,2024-04-09 22:00:00,IT Hub,E-Bike,7.48,35.7,8.1,Rainy,Medium,Yes,No,Medium
2400,2024-04-09 23:00:00,Commercial,E-Bike,4.54,5.0,9.1,Rainy,Medium,Yes,No,Medium
2401,2024-04-10 00:00:00,IT Hub,Bicycle,2.05,42.6,10.6,Clear,High,No,No,Low
2402,2024-04-10 01:00:00,University Zone,E-Bike,2.28,27.2,23.0,Clear,Medium,No,No,Medium
2403,2024-04-10 02:00:00,Residential,E-Scooter,5.85,21.6,18.4,Hot,High,No,No,Low
2404,2024-04-10 03:00:00,University Zone,E-Scooter,8.11,59.6,15.8,Clear,Medium,No,No,Low
2405,2024-04-10 04:00:00,Tourist Area,Bicycle,9.28,35.3,17.1,Hot,Low,Yes,No,Low
2406,2024-04-10 05:00:00,University Zone,Bicycle,1.24,51.8,15.3,Clear,High,Yes,Yes,Low
2407,2024-04-10 06:00:00,Commercial,Bicycle,3.03,45.6,14.1,Foggy,Low,Yes,No,Low
2408,2024-04-10 07:00:00,Tourist Area,Bicycle,6.91,25.6,20.5,Rainy,Medium,Yes,No,Low
2409,2024-04-10 08:00:00,Tourist Area,E-Scooter,2.09,44.9,27.4,Rainy,Low,Yes,No,Low
2410,2024-04-10 09:00:00,Tourist Area,Bicycle,7.48,19.9,28.9,Foggy,Low,Yes,No,Medium
2411,2024-04-10 10:00:00,Residential,E-Bike,8.03,26.7,8.3,Hot,Medium,Yes,No,Low
2412,2024-04-10 11:00:00,Tourist Area,Bicycle,3.65,15.8,16.4,Hot,Low,Yes,No,Low
2413,2024-04-10 12:00:00,University Zone,E-Scooter,4.32,20.1,26.2,Rainy,High,Yes,No,Low
2414,2024-04-10 13:00:00,Tourist Area,Bicycle,8.83,17.4,18.0,Rainy,High,No,No,Medium
2415,2024-04-10 14:00:00,Residential,Bicycle,5.45,28.5,22.4,Foggy,Medium,Yes,No,High
2416,2024-04-10 15:00:00,IT Hub,E-Scooter,6.13,15.2,17.4,Hot,High,No,No,Medium
2417,2024-04-10 16:00:00,Residential,E-Bike,1.3,29.2,16.9,Rainy,Medium,No,No,Low
2418,2024-04-10 17:00:00,Residential,E-Scooter,0.98,39.0,12.0,Rainy,Low,Yes,No,Low
2419,2024-04-10 18:00:00,University Zone,E-Scooter,6.24,13.0,19.6,Hot,High,Yes,No,Medium
2420,2024-04-10 19:00:00,IT Hub,E-Scooter,8.49,57.2,18.3,Hot,High,Yes,Yes,Medium
2421,2024-04-10 20:00:00,Commercial,E-Scooter,8.39,29.9,16.0,Foggy,Low,Yes,No,Low
2422,2024-04-10 21:00:00,Tourist Area,E-Bike,3.87,32.3,15.8,Foggy,High,Yes,No,High
2423,2024-04-10 22:00:00,Tourist Area,E-Scooter,2.21,10.2,12.4,Rainy,High,Yes,No,High
2424,2024-04-10 23:00:00,University Zone,Bicycle,1.86,30.6,21.9,Foggy,Low,Yes,No,Low
2425,2024-04-11 00:00:00,Commercial,E-Scooter,1.5,40.7,23.9,Hot,Medium,Yes,No,Low
2426,2024-04-11 01:00:00,IT Hub,E-Bike,7.45,52.9,24.6,Foggy,High,Yes,No,High
2427,2024-04-11 02:00:00,Residential,Bicycle,4.54,39.4,24.3,Hot,Medium,Yes,Yes,Medium
2428,2024-04-11 03:00:00,Tourist Area,E-Scooter,2.03,47.0,19.8,Foggy,Medium,No,No,Medium
2429,2024-04-11 04:00:00,IT Hub,E-Scooter,7.43,58.8,21.2,Clear,High,No,Yes,High
2430,2024-04-11 05:00:00,University Zone,E-Bike,6.28,60.0,20.7,Clear,High,Yes,No,Low
2431,2024-04-11 06:00:00,Residential,E-Bike,4.7,46.2,23.0,Foggy,High,Yes,No,Medium
2432,2024-04-11 07:00:00,University Zone,E-Bike,6.73,9.2,11.0,Hot,Medium,No,No,High
2433,2024-04-11 08:00:00,Residential,E-Bike,5.09,30.5,11.5,Rainy,Low,Yes,No,Low
2434,2024-04-11 09:00:00,Residential,E-Scooter,4.79,15.6,10.2,Foggy,High,Yes,Yes,Low
2435,2024-04-11 10:00:00,Tourist Area,Bicycle,5.24,49.2,10.1,Clear,High,No,No,Medium
2436,2024-04-11 11:00:00,University Zone,Bicycle,1.1,21.5,12.7,Hot,Medium,No,Yes,Low
2437,2024-04-11 12:00:00,IT Hub,E-Bike,8.33,30.4,16.1,Clear,High,Yes,No,Low
2438,2024-04-11 13:00:00,IT Hub,E-Bike,9.56,50.3,17.6,Rainy,High,Yes,No,Medium
2439,2024-04-11 14:00:00,Tourist Area,E-Bike,2.57,20.5,17.7,Hot,Medium,No,No,Low
2440,2024-04-11 15:00:00,Commercial,Bicycle,5.29,32.0,12.1,Clear,Low,No,No,Low
2441,2024-04-11 16:00:00,Residential,Bicycle,4.58,37.1,19.1,Clear,Medium,No,No,High
2442,2024-04-11 17:00:00,Residential,E-Scooter,5.21,20.6,14.3,Clear,Medium,Yes,No,Medium
2443,2024-04-11 18:00:00,IT Hub,E-Bike,2.53,26.4,16.1,Rainy,Low,Yes,No,Medium
2444,2024-04-11 19:00:00,IT Hub,E-Bike,8.09,46.2,22.0,Foggy,Low,Yes,No,Low
2445,2024-04-11 20:00:00,Commercial,E-Scooter,9.69,15.0,24.6,Foggy,Medium,Yes,No,Low
2446,2024-04-11 21:00:00,University Zone,Bicycle,7.5,28.3,18.7,Foggy,Medium,Yes,No,High
2447,2024-04-11 22:00:00,Commercial,E-Scooter,1.17,33.7,15.8,Rainy,Low,Yes,No,Medium
2448,2024-04-11 23:00:00,University Zone,E-Bike,9.25,45.1,10.8,Hot,High,No,No,High
2449,2024-04-12 00:00:00,University Zone,Bicycle,1.3,23.6,17.1,Foggy,High,Yes,No,High
2450,2024-04-12 01:00:00,Tourist Area,E-Scooter,4.58,15.6,28.1,Hot,High,No,No,High
2451,2024-04-12 02:00:00,Tourist Area,Bicycle,5.61,24.1,11.7,Foggy,Medium,Yes,No,High
2452,2024-04-12 03:00:00,University Zone,E-Bike,4.66,29.6,20.7,Clear,Low,Yes,No,Low
2453,2024-04-12 04:00:00,University Zone,E-Bike,6.65,41.1,21.9,Foggy,High,Yes,Yes,Medium
2454,2024-04-12 05:00:00,University Zone,E-Bike,9.21,7.2,15.6,Hot,Low,No,No,Medium
2455,2024-04-12 06:00:00,Commercial,Bicycle,5.26,47.8,23.9,Clear,Medium,Yes,No,Medium
2456,2024-04-12 07:00:00,Tourist Area,E-Bike,7.46,21.0,15.6,Rainy,Low,Yes,No,Low
2457,2024-04-12 08:00:00,Commercial,E-Scooter,8.52,48.7,27.1,Clear,Low,No,No,Low
2458,2024-04-12 09:00:00,Tourist Area,E-Scooter,7.7,58.0,9.0,Clear,High,Yes,No,Low
2459,2024-04-12 10:00:00,Residential,Bicycle,8.85,27.3,12.4,Hot,High,No,No,Medium
2460,2024-04-12 11:00:00,Residential,Bicycle,6.43,46.0,8.5,Foggy,Medium,Yes,Yes,Low
2461,2024-04-12 12:00:00,IT Hub,Bicycle,6.0,52.6,11.0,Hot,High,Yes,No,High
2462,2024-04-12 13:00:00,Tourist Area,E-Bike,4.11,8.7,23.7,Hot,Low,Yes,No,High
2463,2024-04-12 14:00:00,Tourist Area,E-Bike,1.94,36.7,12.9,Foggy,Low,Yes,No,Low
2464,2024-04-12 15:00:00,University Zone,E-Scooter,3.26,30.9,9.2,Rainy,High,No,No,Low
2465,2024-04-12 16:00:00,IT Hub,Bicycle,7.5,34.2,19.7,Foggy,Medium,No,No,Low
2466,2024-04-12 17:00:00,Residential,E-Bike,9.15,53.2,23.6,Foggy,Low,No,No,Low
2467,2024-04-12 18:00:00,Residential,E-Bike,1.96,7.7,17.9,Hot,Low,No,No,High
2468,2024-04-12 19:00:00,Commercial,E-Bike,2.8,46.3,14.6,Clear,Low,Yes,No,Medium
2469,2024-04-12 20:00:00,Residential,E-Scooter,7.37,22.1,9.9,Clear,High,Yes,No,Medium
2470,2024-04-12 21:00:00,Commercial,E-Bike,8.63,29.7,16.1,Foggy,Low,Yes,No,High
2471,2024-04-12 22:00:00,Commercial,E-Scooter,6.43,48.3,19.1,Rainy,Low,No,No,Medium
2472,2024-04-12 23:00:00,Commercial,Bicycle,5.02,7.7,9.2,Rainy,High,No,No,Low
2473,2024-04-13 00:00:00,Residential,E-Bike,7.47,32.5,22.6,Clear,Medium,Yes,No,High
2474,2024-04-13 01:00:00,Tourist Area,E-Bike,7.69,54.5,25.7,Foggy,Medium,No,No,Medium
2475,2024-04-13 02:00:00,University Zone,E-Scooter,4.88,7.7,28.2,Rainy,Medium,Yes,Yes,Low
2476,2024-04-13 03:00:00,University Zone,E-Scooter,2.52,17.6,24.3,Clear,Low,No,No,Medium
2477,2024-04-13 04:00:00,Commercial,E-Scooter,6.78,22.4,18.5,Clear,Low,No,No,High
2478,2024-04-13 05:00:00,Tourist Area,E-Bike,8.93,47.5,28.5,Rainy,Low,No,No,Low
2479,2024-04-13 06:00:00,IT Hub,E-Bike,3.36,16.5,25.7,Foggy,Medium,Yes,No,Low
2480,2024-04-13 07:00:00,Residential,Bicycle,4.51,5.1,14.3,Hot,Low,Yes,No,Low
2481,2024-04-13 08:00:00,Residential,E-Bike,5.02,32.2,14.4,Hot,Low,No,No,Low
2482,2024-04-13 09:00:00,University Zone,E-Scooter,6.86,6.3,12.6,Clear,Medium,Yes,No,High
2483,2024-04-13 10:00:00,Commercial,Bicycle,8.78,23.4,24.1,Hot,High,No,No,Medium
2484,2024-04-13 11:00:00,Tourist Area,E-Scooter,7.37,23.6,25.2,Hot,Medium,Yes,No,Low
2485,2024-04-13 12:00:00,Tourist Area,E-Bike,2.9,26.6,25.9,Hot,Medium,No,No,High
2486,2024-04-13 13:00:00,Residential,E-Scooter,8.75,51.2,12.5,Clear,High,No,No,High
2487,2024-04-13 14:00:00,Tourist Area,E-Scooter,5.83,11.8,28.2,Clear,Low,No,No,High
2488,2024-04-13 15:00:00,Tourist Area,E-Scooter,2.46,27.0,10.4,Rainy,Medium,No,No,Medium
2489,2024-04-13 16:00:00,Residential,Bicycle,9.41,9.4,19.2,Foggy,Medium,Yes,Yes,Low
2490,2024-04-13 17:00:00,Tourist Area,Bicycle,2.55,23.6,20.4,Rainy,Medium,Yes,No,Medium
2491,2024-04-13 18:00:00,Tourist Area,E-Scooter,6.29,22.7,16.2,Rainy,Low,Yes,Yes,Medium
2492,2024-04-13 19:00:00,University Zone,E-Scooter,7.1,56.0,14.8,Hot,Medium,Yes,Yes,High
2493,2024-04-13 20:00:00,Residential,E-Scooter,9.79,43.7,18.5,Foggy,Medium,No,Yes,High
2494,2024-04-13 21:00:00,Commercial,Bicycle,4.32,23.8,9.2,Foggy,Low,Yes,No,High
2495,2024-04-13 22:00:00,Commercial,E-Bike,8.85,45.7,17.7,Foggy,High,Yes,No,High
2496,2024-04-13 23:00:00,University Zone,E-Bike,8.42,14.2,17.3,Rainy,Low,Yes,No,Medium
2497,2024-04-14 00:00:00,Residential,E-Scooter,2.19,49.3,10.6,Clear,Low,Yes,No,Low
2498,2024-04-14 01:00:00,University Zone,E-Bike,5.9,26.0,28.3,Rainy,High,Yes,No,Low
2499,2024-04-14 02:00:00,Commercial,E-Scooter,2.09,33.0,26.0,Foggy,High,No,Yes,Low
2500,2024-04-14 03:00:00,Residential,E-Bike,3.93,42.9,20.2,Foggy,Medium,Yes,No,Low
2501,2024-04-14 04:00:00,Residential,E-Bike,6.21,22.3,11.3,Rainy,Medium,No,No,Medium
2502,2024-04-14 05:00:00,University Zone,E-Bike,3.7,17.6,12.8,Hot,Medium,Yes,No,Medium
2503,2024-04-14 06:00:00,Residential,Bicycle,4.79,32.6,10.2,Hot,Medium,No,No,Low
2504,2024-04-14 07:00:00,Residential,E-Bike,8.73,54.4,8.4,Hot,High,Yes,No,High
2505,2024-04-14 08:00:00,Tourist Area,E-Scooter,8.79,9.6,10.7,Hot,High,Yes,No,Low
2506,2024-04-14 09:00:00,Commercial,E-Bike,1.02,55.8,25.8,Rainy,Low,No,No,Low
2507,2024-04-14 10:00:00,IT Hub,E-Bike,2.12,10.2,12.7,Clear,Medium,Yes,No,Low
2508,2024-04-14 11:00:00,University Zone,E-Scooter,3.67,46.7,11.0,Hot,Low,Yes,No,Low
2509,2024-04-14 12:00:00,Tourist Area,E-Bike,3.57,23.8,26.8,Clear,Low,No,No,Low
2510,2024-04-14 13:00:00,Residential,Bicycle,6.22,23.7,18.9,Rainy,Low,No,No,Low
2511,2024-04-14 14:00:00,IT Hub,E-Bike,9.25,58.2,10.5,Clear,Medium,Yes,No,Medium
2512,2024-04-14 15:00:00,Residential,Bicycle,4.42,8.3,13.5,Rainy,Medium,Yes,No,Medium
2513,2024-04-14 16:00:00,IT Hub,E-Bike,1.33,45.0,14.7,Foggy,Medium,No,No,Medium
2514,2024-04-14 17:00:00,University Zone,E-Scooter,7.93,12.1,23.9,Hot,Medium,No,No,Low
2515,2024-04-14 18:00:00,University Zone,Bicycle,1.52,15.8,21.2,Foggy,High,Yes,No,Low
2516,2024-04-14 19:00:00,Residential,Bicycle,0.84,46.4,19.9,Foggy,Medium,Yes,No,Low
2517,2024-04-14 20:00:00,Commercial,Bicycle,9.88,21.2,26.9,Hot,Low,Yes,No,Medium
2518,2024-04-14 21:00:00,Residential,Bicycle,1.06,54.5,9.1,Hot,Low,No,No,Low
2519,2024-04-14 22:00:00,IT Hub,Bicycle,4.64,7.5,28.9,Foggy,Medium,Yes,No,High
2520,2024-04-14 23:00:00,Tourist Area,E-Bike,8.56,26.3,25.9,Clear,High,No,No,Low
2521,2024-04-15 00:00:00,Commercial,E-Bike,1.97,6.1,21.0,Clear,High,Yes,No,Low
2522,2024-04-15 01:00:00,IT Hub,Bicycle,1.58,11.5,16.3,Clear,Medium,Yes,Yes,Low
2523,2024-04-15 02:00:00,Commercial,E-Scooter,7.05,12.2,10.5,Clear,Medium,No,No,Low
2524,2024-04-15 03:00:00,Commercial,E-Bike,2.71,24.2,27.2,Rainy,Medium,No,Yes,Low
2525,2024-04-15 04:00:00,University Zone,Bicycle,9.57,49.4,15.5,Hot,Low,No,No,Medium
2526,2024-04-15 05:00:00,Commercial,Bicycle,9.59,12.0,23.3,Rainy,Medium,No,No,Medium
2527,2024-04-15 06:00:00,University Zone,E-Bike,6.78,18.7,25.6,Foggy,Medium,Yes,No,High
2528,2024-04-15 07:00:00,Tourist Area,E-Scooter,1.01,43.9,28.2,Hot,High,Yes,No,High
2529,2024-04-15 08:00:00,Commercial,E-Scooter,4.35,6.6,21.8,Rainy,High,No,No,Low
2530,2024-04-15 09:00:00,Tourist Area,E-Bike,1.45,48.4,27.4,Hot,High,No,No,Low
2531,2024-04-15 10:00:00,Residential,E-Scooter,8.11,55.2,22.9,Hot,Medium,Yes,No,Medium
2532,2024-04-15 11:00:00,Commercial,E-Bike,5.6,29.6,23.6,Hot,Medium,Yes,No,Low
2533,2024-04-15 12:00:00,Commercial,E-Scooter,9.31,16.0,25.9,Hot,High,Yes,No,High
2534,2024-04-15 13:00:00,IT Hub,E-Bike,9.12,54.6,10.6,Rainy,Low,Yes,No,High
2535,2024-04-15 14:00:00,Residential,E-Bike,3.6,47.5,24.9,Foggy,Medium,Yes,Yes,High
2536,2024-04-15 15:00:00,Commercial,E-Bike,6.28,26.4,21.7,Clear,High,No,No,High
2537,2024-04-15 16:00:00,Residential,Bicycle,5.52,12.4,19.8,Clear,Medium,Yes,No,Low
2538,2024-04-15 17:00:00,Residential,E-Scooter,3.43,40.6,9.9,Rainy,Low,No,No,Medium
2539,2024-04-15 18:00:00,University Zone,E-Bike,3.44,33.1,19.6,Foggy,High,Yes,No,High
2540,2024-04-15 19:00:00,Commercial,E-Scooter,0.73,58.9,13.8,Foggy,High,Yes,No,High
2541,2024-04-15 20:00:00,IT Hub,E-Scooter,2.07,55.1,25.3,Rainy,Low,No,No,Medium
2542,2024-04-15 21:00:00,Tourist Area,Bicycle,8.64,6.6,26.0,Hot,Low,No,No,Medium
2543,2024-04-15 22:00:00,Commercial,Bicycle,1.07,46.3,16.4,Clear,Medium,Yes,No,Low
2544,2024-04-15 23:00:00,University Zone,E-Bike,6.4,34.2,20.9,Foggy,Medium,Yes,No,Low
2545,2024-04-16 00:00:00,Residential,E-Bike,5.31,59.9,15.1,Clear,High,Yes,No,Medium
2546,2024-04-16 01:00:00,Commercial,Bicycle,5.1,54.4,17.9,Rainy,Medium,Yes,No,Low
2547,2024-04-16 02:00:00,IT Hub,Bicycle,2.43,21.7,16.7,Rainy,Low,No,No,Low
2548,2024-04-16 03:00:00,Tourist Area,E-Bike,8.4,49.9,29.4,Rainy,Low,Yes,No,Low
2549,2024-04-16 04:00:00,University Zone,Bicycle,3.16,44.2,10.5,Rainy,Medium,No,No,Low
2550,2024-04-16 05:00:00,Commercial,E-Scooter,4.52,46.8,28.5,Foggy,Low,No,No,Medium
2551,2024-04-16 06:00:00,Commercial,E-Scooter,1.2,58.3,21.5,Foggy,Low,No,No,Medium
2552,2024-04-16 07:00:00,Commercial,Bicycle,7.44,49.6,18.2,Clear,Low,Yes,Yes,Low
2553,2024-04-16 08:00:00,Commercial,E-Scooter,3.05,38.3,24.6,Rainy,Medium,Yes,No,High
2554,2024-04-16 09:00:00,Residential,Bicycle,5.84,26.1,19.1,Foggy,High,Yes,No,Medium
2555,2024-04-16 10:00:00,Commercial,E-Scooter,1.23,19.9,16.9,Rainy,High,No,No,Low
2556,2024-04-16 11:00:00,Residential,E-Bike,2.44,49.6,13.8,Foggy,Medium,Yes,No,Low
2557,2024-04-16 12:00:00,University Zone,E-Scooter,4.26,30.9,18.0,Rainy,Low,Yes,No,Low
2558,2024-04-16 13:00:00,University Zone,Bicycle,2.39,28.5,27.7,Clear,High,Yes,No,High
2559,2024-04-16 14:00:00,Commercial,E-Bike,7.91,34.3,9.9,Clear,Medium,No,No,Medium
2560,2024-04-16 15:00:00,Residential,Bicycle,5.43,34.0,22.4,Rainy,Low,Yes,No,Low
2561,2024-04-16 16:00:00,Residential,E-Bike,4.98,17.8,25.3,Hot,Medium,No,No,Low
2562,2024-04-16 17:00:00,Residential,E-Bike,8.3,13.9,19.9,Foggy,High,No,No,High
2563,2024-04-16 18:00:00,University Zone,Bicycle,6.6,6.8,27.4,Foggy,Low,Yes,Yes,Low
2564,2024-04-16 19:00:00,University Zone,E-Bike,5.97,8.8,27.3,Hot,Low,Yes,No,High
2565,2024-04-16 20:00:00,Tourist Area,E-Scooter,6.17,56.3,10.5,Rainy,High,No,No,Medium
2566,2024-04-16 21:00:00,University Zone,E-Scooter,5.97,46.4,11.5,Rainy,Medium,Yes,No,Medium
2567,2024-04-16 22:00:00,IT Hub,E-Scooter,2.53,39.0,28.5,Hot,Medium,Yes,No,Low
2568,2024-04-16 23:00:00,Commercial,E-Bike,3.51,11.9,17.5,Rainy,High,Yes,No,High
2569,2024-04-17 00:00:00,Commercial,E-Scooter,3.53,23.0,24.5,Hot,Low,Yes,No,Low
2570,2024-04-17 01:00:00,University Zone,Bicycle,8.6,47.4,21.1,Clear,Medium,No,No,Medium
2571,2024-04-17 02:00:00,Residential,Bicycle,2.63,46.8,24.3,Clear,Low,Yes,No,Medium
2572,2024-04-17 03:00:00,Commercial,Bicycle,2.14,53.0,8.2,Foggy,High,Yes,No,Medium
2573,2024-04-17 04:00:00,University Zone,Bicycle,8.44,9.9,29.1,Foggy,Low,No,No,Low
2574,2024-04-17 05:00:00,Tourist Area,Bicycle,3.26,18.1,26.9,Foggy,Low,No,No,Medium
2575,2024-04-17 06:00:00,IT Hub,E-Scooter,7.21,7.1,29.0,Rainy,Low,No,No,Low
2576,2024-04-17 07:00:00,IT Hub,Bicycle,6.01,48.1,11.2,Rainy,Medium,No,Yes,Medium
2577,2024-04-17 08:00:00,Tourist Area,Bicycle,7.41,46.5,14.4,Foggy,High,Yes,No,Low
2578,2024-04-17 09:00:00,University Zone,Bicycle,6.15,58.2,12.7,Rainy,Low,Yes,No,High
2579,2024-04-17 10:00:00,Commercial,Bicycle,5.81,32.6,17.0,Hot,Low,No,No,Medium
2580,2024-04-17 11:00:00,University Zone,E-Bike,1.16,38.1,9.7,Hot,High,Yes,No,High
2581,2024-04-17 12:00:00,University Zone,E-Scooter,2.04,20.5,19.1,Rainy,Medium,Yes,No,Low
2582,2024-04-17 13:00:00,IT Hub,E-Bike,2.19,16.9,28.1,Rainy,Medium,Yes,No,Low
2583,2024-04-17 14:00:00,Tourist Area,E-Scooter,7.72,6.4,14.3,Rainy,Medium,Yes,No,Medium
2584,2024-04-17 15:00:00,IT Hub,E-Scooter,3.61,46.8,12.9,Rainy,Medium,Yes,No,Medium
2585,2024-04-17 16:00:00,Residential,E-Bike,4.38,41.6,10.2,Foggy,High,No,Yes,Medium
2586,2024-04-17 17:00:00,IT Hub,E-Bike,6.7,32.6,22.7,Hot,High,No,No,High
2587,2024-04-17 18:00:00,University Zone,E-Bike,4.25,24.0,23.9,Clear,Medium,No,No,High
2588,2024-04-17 19:00:00,Tourist Area,E-Scooter,5.76,32.4,25.3,Hot,Medium,Yes,Yes,Low
2589,2024-04-17 20:00:00,Tourist Area,Bicycle,5.08,49.8,25.5,Rainy,High,Yes,No,Medium
2590,2024-04-17 21:00:00,Commercial,E-Scooter,8.78,46.1,23.7,Foggy,Low,No,No,Medium
2591,2024-04-17 22:00:00,Residential,Bicycle,7.59,32.6,17.4,Foggy,Medium,No,No,Low
2592,2024-04-17 23:00:00,Residential,Bicycle,7.14,31.9,11.0,Foggy,Medium,Yes,No,Medium
2593,2024-04-18 00:00:00,Residential,Bicycle,7.3,8.5,27.9,Foggy,High,Yes,No,Low
2594,2024-04-18 01:00:00,University Zone,E-Scooter,6.56,57.0,13.4,Foggy,High,Yes,No,Low
2595,2024-04-18 02:00:00,Commercial,Bicycle,8.51,25.3,27.7,Rainy,Medium,Yes,No,Low
2596,2024-04-18 03:00:00,Residential,E-Scooter,3.1,40.8,13.6,Clear,High,Yes,No,High
2597,2024-04-18 04:00:00,Commercial,E-Bike,3.83,59.8,17.7,Rainy,High,Yes,No,Low
2598,2024-04-18 05:00:00,IT Hub,E-Scooter,1.49,14.3,14.0,Foggy,Low,No,No,Medium
2599,2024-04-18 06:00:00,Residential,E-Scooter,5.4,57.6,28.2,Foggy,High,Yes,Yes,Low
2600,2024-04-18 07:00:00,IT Hub,Bicycle,2.81,39.2,16.7,Hot,High,Yes,No,Low
2601,2024-04-18 08:00:00,Commercial,E-Bike,8.6,48.6,21.9,Rainy,Low,Yes,No,Medium
2602,2024-04-18 09:00:00,Tourist Area,E-Bike,6.52,54.6,17.2,Hot,Low,No,No,Low
2603,2024-04-18 10:00:00,Tourist Area,Bicycle,5.02,5.7,13.4,Rainy,Low,Yes,No,Low
2604,2024-04-18 11:00:00,Tourist Area,E-Bike,1.95,37.1,14.2,Foggy,Low,No,Yes,Low
2605,2024-04-18 12:00:00,IT Hub,Bicycle,6.23,26.6,20.5,Clear,Medium,No,No,Medium
2606,2024-04-18 13:00:00,University Zone,Bicycle,6.24,13.6,28.0,Rainy,High,No,No,Low
2607,2024-04-18 14:00:00,Tourist Area,E-Scooter,6.01,24.2,15.5,Foggy,High,No,No,Medium
2608,2024-04-18 15:00:00,University Zone,Bicycle,1.36,57.8,14.8,Clear,Low,Yes,No,Low
2609,2024-04-18 16:00:00,Tourist Area,E-Scooter,7.71,58.0,14.6,Hot,Low,Yes,No,Low
2610,2024-04-18 17:00:00,IT Hub,Bicycle,8.96,39.3,13.7,Foggy,High,Yes,No,High
2611,2024-04-18 18:00:00,IT Hub,Bicycle,5.41,32.3,18.8,Hot,Medium,No,No,High
2612,2024-04-18 19:00:00,Residential,Bicycle,4.93,28.6,8.4,Clear,High,Yes,No,Low
2613,2024-04-18 20:00:00,IT Hub,Bicycle,2.04,26.2,26.3,Hot,High,No,No,Medium
2614,2024-04-18 21:00:00,IT Hub,Bicycle,2.94,12.6,25.2,Rainy,Medium,No,No,High
2615,2024-04-18 22:00:00,Residential,Bicycle,1.0,47.0,20.6,Rainy,High,No,No,Medium
2616,2024-04-18 23:00:00,Tourist Area,E-Bike,1.63,35.8,24.4,Foggy,High,No,No,Medium
2617,2024-04-19 00:00:00,IT Hub,Bicycle,6.22,25.5,16.5,Foggy,High,Yes,Yes,Low
2618,2024-04-19 01:00:00,IT Hub,Bicycle,0.63,52.6,22.2,Hot,Medium,Yes,No,High
2619,2024-04-19 02:00:00,University Zone,Bicycle,7.67,44.9,11.1,Rainy,Medium,Yes,No,Medium
2620,2024-04-19 03:00:00,Commercial,E-Scooter,1.79,55.4,17.2,Hot,Medium,No,No,Low
2621,2024-04-19 04:00:00,IT Hub,Bicycle,4.65,44.6,15.7,Clear,High,No,No,Low
2622,2024-04-19 05:00:00,Commercial,E-Bike,3.43,36.9,23.3,Clear,Medium,No,No,Low
2623,2024-04-19 06:00:00,Tourist Area,Bicycle,5.89,40.9,19.0,Clear,High,Yes,Yes,Low
2624,2024-04-19 07:00:00,Residential,Bicycle,8.89,31.7,23.9,Foggy,High,Yes,No,Low
2625,2024-04-19 08:00:00,Tourist Area,E-Scooter,7.1,25.5,20.9,Hot,Low,No,No,Medium
2626,2024-04-19 09:00:00,University Zone,E-Bike,5.42,33.5,17.4,Foggy,Low,Yes,Yes,Low
2627,2024-04-19 10:00:00,IT Hub,E-Bike,6.55,17.0,19.0,Hot,Low,Yes,No,Medium
2628,2024-04-19 11:00:00,Tourist Area,E-Scooter,9.51,54.0,15.4,Hot,Medium,Yes,No,Low
2629,2024-04-19 12:00:00,Residential,E-Bike,8.5,55.6,15.0,Rainy,High,Yes,Yes,Low
2630,2024-04-19 13:00:00,Commercial,E-Bike,5.77,25.3,9.9,Clear,High,Yes,No,Low
2631,2024-04-19 14:00:00,Tourist Area,Bicycle,7.62,21.9,29.6,Rainy,Medium,Yes,Yes,Medium
2632,2024-04-19 15:00:00,University Zone,Bicycle,3.94,16.8,23.8,Foggy,Low,No,No,High
2633,2024-04-19 16:00:00,IT Hub,E-Scooter,5.54,22.4,28.9,Foggy,Medium,Yes,No,High
2634,2024-04-19 17:00:00,IT Hub,E-Scooter,9.96,39.4,15.9,Hot,Medium,No,No,Medium
2635,2024-04-19 18:00:00,University Zone,E-Bike,2.12,30.1,13.1,Foggy,Low,Yes,No,Low
2636,2024-04-19 19:00:00,University Zone,E-Bike,7.11,49.5,19.8,Clear,High,No,No,High
2637,2024-04-19 20:00:00,Commercial,E-Bike,4.03,6.9,16.1,Foggy,Low,Yes,No,Low
2638,2024-04-19 21:00:00,IT Hub,E-Bike,7.56,56.1,16.4,Rainy,Low,Yes,No,Low
2639,2024-04-19 22:00:00,Commercial,E-Scooter,2.88,34.0,12.3,Hot,Low,Yes,No,Low
2640,2024-04-19 23:00:00,Commercial,E-Bike,1.64,39.6,22.0,Hot,Low,No,No,High
2641,2024-04-20 00:00:00,Tourist Area,E-Bike,0.81,43.4,16.1,Foggy,Low,Yes,No,Low
2642,2024-04-20 01:00:00,Residential,E-Scooter,5.89,36.1,9.6,Foggy,Low,Yes,No,High
2643,2024-04-20 02:00:00,Residential,Bicycle,4.46,11.2,12.0,Foggy,Medium,Yes,No,Low
2644,2024-04-20 03:00:00,Tourist Area,E-Scooter,0.7,12.0,21.7,Hot,Medium,Yes,No,High
2645,2024-04-20 04:00:00,Commercial,E-Bike,9.05,14.7,27.1,Clear,High,No,No,Medium
2646,2024-04-20 05:00:00,Tourist Area,Bicycle,5.35,17.4,13.6,Hot,Low,Yes,No,Medium
2647,2024-04-20 06:00:00,Residential,Bicycle,2.03,58.1,14.2,Clear,Medium,Yes,No,High
2648,2024-04-20 07:00:00,Tourist Area,E-Scooter,6.3,33.0,19.3,Foggy,Low,No,Yes,High
2649,2024-04-20 08:00:00,IT Hub,E-Scooter,9.42,42.1,27.9,Hot,Low,No,No,Low
2650,2024-04-20 09:00:00,Tourist Area,Bicycle,7.3,38.0,24.1,Hot,High,Yes,No,Medium
2651,2024-04-20 10:00:00,Commercial,E-Scooter,8.27,53.0,14.0,Rainy,Low,No,No,High
2652,2024-04-20 11:00:00,Commercial,Bicycle,5.77,23.2,24.7,Rainy,Medium,No,No,High
2653,2024-04-20 12:00:00,Commercial,Bicycle,8.49,46.6,18.5,Hot,Low,Yes,No,Low
2654,2024-04-20 13:00:00,Commercial,E-Bike,0.89,26.2,21.7,Rainy,Low,No,No,High
2655,2024-04-20 14:00:00,University Zone,E-Bike,9.61,48.9,23.5,Foggy,Medium,Yes,No,Low
2656,2024-04-20 15:00:00,IT Hub,E-Bike,2.83,41.6,29.2,Rainy,Medium,Yes,No,High
2657,2024-04-20 16:00:00,Tourist Area,E-Scooter,2.89,57.1,21.8,Rainy,Low,No,No,Low
2658,2024-04-20 17:00:00,Tourist Area,E-Scooter,5.66,46.0,29.0,Clear,High,No,No,Low
2659,2024-04-20 18:00:00,IT Hub,E-Bike,6.7,23.7,23.7,Foggy,High,Yes,No,Medium
2660,2024-04-20 19:00:00,Tourist Area,Bicycle,1.44,30.7,19.8,Foggy,Low,No,No,Medium
2661,2024-04-20 20:00:00,Residential,E-Bike,4.53,30.1,14.5,Rainy,High,Yes,No,High
2662,2024-04-20 21:00:00,Tourist Area,Bicycle,6.4,28.5,15.5,Foggy,High,Yes,No,Low
2663,2024-04-20 22:00:00,Residential,Bicycle,6.48,47.3,26.2,Clear,Medium,Yes,No,High
2664,2024-04-20 23:00:00,IT Hub,Bicycle,8.32,12.0,22.1,Foggy,Low,Yes,No,Low
2665,2024-04-21 00:00:00,University Zone,E-Scooter,8.28,52.6,15.9,Hot,Medium,Yes,No,Low
2666,2024-04-21 01:00:00,Residential,Bicycle,5.75,8.5,8.2,Hot,Low,Yes,No,High
2667,2024-04-21 02:00:00,Tourist Area,Bicycle,6.12,47.5,21.4,Rainy,Low,No,No,Low
2668,2024-04-21 03:00:00,Tourist Area,E-Scooter,1.05,49.0,22.8,Hot,Low,Yes,No,High
2669,2024-04-21 04:00:00,Residential,Bicycle,5.31,55.1,19.0,Hot,Low,No,No,Medium
2670,2024-04-21 05:00:00,Tourist Area,E-Scooter,6.24,23.3,28.7,Hot,Medium,No,Yes,Medium
2671,2024-04-21 06:00:00,University Zone,E-Bike,0.75,52.7,16.4,Clear,Medium,Yes,No,Low
2672,2024-04-21 07:00:00,University Zone,E-Bike,5.67,12.2,21.5,Clear,High,Yes,No,Low
2673,2024-04-21 08:00:00,IT Hub,Bicycle,3.3,11.2,13.4,Clear,Medium,Yes,No,Medium
2674,2024-04-21 09:00:00,Commercial,E-Scooter,3.74,43.9,27.9,Rainy,Low,No,Yes,High
2675,2024-04-21 10:00:00,University Zone,Bicycle,3.51,11.9,22.2,Hot,Medium,Yes,No,Low
2676,2024-04-21 11:00:00,Residential,Bicycle,6.61,35.2,10.8,Hot,Low,Yes,No,Medium
2677,2024-04-21 12:00:00,Tourist Area,Bicycle,5.41,11.7,23.0,Hot,High,No,No,Low
2678,2024-04-21 13:00:00,Commercial,Bicycle,6.6,55.6,28.4,Foggy,Medium,No,No,Low
2679,2024-04-21 14:00:00,Residential,Bicycle,7.82,9.9,8.1,Clear,High,Yes,No,Low
2680,2024-04-21 15:00:00,Commercial,E-Scooter,6.69,11.5,9.4,Hot,Low,No,No,Medium
2681,2024-04-21 16:00:00,Commercial,Bicycle,8.63,17.3,17.1,Foggy,High,Yes,No,High
2682,2024-04-21 17:00:00,Commercial,Bicycle,3.79,34.2,11.4,Rainy,Medium,Yes,No,High
2683,2024-04-21 18:00:00,University Zone,E-Scooter,5.68,36.5,15.6,Hot,High,No,No,High
2684,2024-04-21 19:00:00,Tourist Area,E-Scooter,5.51,42.0,27.5,Foggy,Medium,No,No,Low
2685,2024-04-21 20:00:00,Commercial,E-Bike,9.66,38.8,11.3,Clear,High,Yes,No,Medium
2686,2024-04-21 21:00:00,Commercial,E-Scooter,8.8,15.4,8.2,Hot,Low,Yes,No,Low
2687,2024-04-21 22:00:00,IT Hub,E-Scooter,5.28,12.1,26.8,Foggy,High,No,No,High
2688,2024-04-21 23:00:00,Tourist Area,E-Bike,7.05,57.6,19.2,Clear,Medium,Yes,No,High
2689,2024-04-22 00:00:00,University Zone,E-Bike,5.8,28.6,11.9,Hot,Low,Yes,No,Low
2690,2024-04-22 01:00:00,Tourist Area,E-Scooter,8.9,58.4,13.8,Foggy,High,Yes,No,High
2691,2024-04-22 02:00:00,University Zone,E-Bike,7.15,21.3,21.4,Rainy,High,Yes,No,Medium
2692,2024-04-22 03:00:00,Commercial,E-Bike,3.96,10.9,16.9,Clear,High,No,Yes,Low
2693,2024-04-22 04:00:00,Tourist Area,E-Scooter,4.23,20.0,17.0,Rainy,Low,No,No,High
2694,2024-04-22 05:00:00,University Zone,E-Scooter,7.74,29.7,16.9,Hot,Medium,No,Yes,Low
2695,2024-04-22 06:00:00,Tourist Area,E-Scooter,3.09,11.2,15.6,Rainy,High,No,No,Medium
2696,2024-04-22 07:00:00,Residential,E-Scooter,6.09,16.4,21.3,Hot,High,No,Yes,Medium
2697,2024-04-22 08:00:00,Tourist Area,Bicycle,8.35,28.0,16.7,Rainy,Low,No,No,Low
2698,2024-04-22 09:00:00,IT Hub,E-Scooter,9.85,53.7,23.6,Clear,High,Yes,Yes,Low
2699,2024-04-22 10:00:00,IT Hub,Bicycle,7.55,23.4,16.7,Foggy,High,Yes,No,Low
2700,2024-04-22 11:00:00,University Zone,E-Bike,1.56,33.0,16.0,Rainy,Medium,Yes,Yes,Medium
2701,2024-04-22 12:00:00,IT Hub,Bicycle,5.56,16.7,11.3,Rainy,Low,No,No,Low
2702,2024-04-22 13:00:00,University Zone,Bicycle,0.5,53.6,13.7,Foggy,Low,Yes,No,Medium
2703,2024-04-22 14:00:00,Commercial,Bicycle,9.1,53.0,23.7,Hot,Medium,Yes,No,Low
2704,2024-04-22 15:00:00,University Zone,Bicycle,5.87,8.5,11.5,Foggy,High,No,No,Low
2705,2024-04-22 16:00:00,Tourist Area,Bicycle,7.28,27.9,8.6,Foggy,Medium,Yes,No,High
2706,2024-04-22 17:00:00,Tourist Area,E-Scooter,6.36,6.3,28.6,Clear,Medium,Yes,No,Low
2707,2024-04-22 18:00:00,Residential,E-Scooter,3.37,24.5,29.5,Clear,Medium,Yes,No,Low
2708,2024-04-22 19:00:00,Commercial,E-Bike,1.13,7.6,16.1,Hot,Low,Yes,No,Low
2709,2024-04-22 20:00:00,IT Hub,E-Bike,3.77,28.9,17.4,Hot,High,Yes,No,Medium
2710,2024-04-22 21:00:00,IT Hub,E-Scooter,9.4,25.3,8.1,Rainy,Medium,No,No,Medium
2711,2024-04-22 22:00:00,Commercial,Bicycle,3.73,43.6,24.0,Rainy,Low,Yes,No,Medium
2712,2024-04-22 23:00:00,Tourist Area,E-Bike,4.79,54.1,10.2,Clear,High,Yes,No,Low
2713,2024-04-23 00:00:00,University Zone,Bicycle,8.05,31.0,13.6,Hot,Medium,No,No,Medium
2714,2024-04-23 01:00:00,Residential,Bicycle,0.96,54.5,28.3,Hot,High,No,No,High
2715,2024-04-23 02:00:00,Tourist Area,E-Bike,2.62,16.8,20.2,Rainy,High,Yes,No,Medium
2716,2024-04-23 03:00:00,Tourist Area,E-Bike,8.98,17.4,15.4,Rainy,Medium,Yes,No,Low
2717,2024-04-23 04:00:00,University Zone,E-Bike,2.25,53.0,28.1,Foggy,Medium,Yes,No,Low
2718,2024-04-23 05:00:00,Commercial,Bicycle,5.25,38.6,24.9,Rainy,High,Yes,No,High
2719,2024-04-23 06:00:00,University Zone,Bicycle,6.62,10.1,27.6,Rainy,Medium,Yes,No,High
2720,2024-04-23 07:00:00,Tourist Area,E-Scooter,0.98,55.4,9.0,Foggy,Low,Yes,No,Low
2721,2024-04-23 08:00:00,Tourist Area,E-Bike,6.19,46.3,27.6,Hot,High,Yes,No,High
2722,2024-04-23 09:00:00,Tourist Area,E-Scooter,4.73,25.5,28.1,Rainy,High,No,No,Low
2723,2024-04-23 10:00:00,University Zone,Bicycle,7.65,58.5,11.1,Rainy,Low,Yes,No,Medium
2724,2024-04-23 11:00:00,Tourist Area,E-Scooter,1.23,37.8,9.5,Hot,Low,Yes,No,Low
2725,2024-04-23 12:00:00,Tourist Area,Bicycle,4.38,45.8,21.6,Rainy,Medium,No,No,Low
2726,2024-04-23 13:00:00,Residential,E-Scooter,9.87,40.6,22.8,Clear,Low,No,No,Medium
2727,2024-04-23 14:00:00,Residential,E-Scooter,3.88,59.0,10.7,Clear,Medium,Yes,Yes,Low
2728,2024-04-23 15:00:00,Tourist Area,E-Bike,5.59,36.7,25.7,Rainy,Medium,Yes,No,Low
2729,2024-04-23 16:00:00,Residential,E-Scooter,8.05,10.3,19.8,Hot,Medium,No,No,Low
2730,2024-04-23 17:00:00,Residential,E-Scooter,4.89,37.5,22.3,Foggy,High,Yes,No,Low
2731,2024-04-23 18:00:00,Commercial,E-Bike,3.37,21.4,20.1,Hot,Low,Yes,No,High
2732,2024-04-23 19:00:00,Commercial,E-Bike,2.77,9.4,12.6,Clear,Medium,Yes,No,High
2733,2024-04-23 20:00:00,IT Hub,Bicycle,2.24,24.2,12.5,Foggy,Medium,Yes,No,Low
2734,2024-04-23 21:00:00,Commercial,E-Scooter,6.19,15.6,11.3,Foggy,Medium,Yes,No,Low
2735,2024-04-23 22:00:00,University Zone,E-Bike,1.41,52.7,22.3,Hot,Medium,No,No,Low
2736,2024-04-23 23:00:00,Residential,E-Scooter,8.93,30.2,22.4,Clear,High,Yes,No,Low
2737,2024-04-24 00:00:00,IT Hub,Bicycle,6.27,29.3,22.9,Hot,Low,Yes,Yes,High
2738,2024-04-24 01:00:00,Residential,E-Scooter,2.39,10.5,10.3,Foggy,High,Yes,No,High
2739,2024-04-24 02:00:00,IT Hub,E-Scooter,9.29,16.5,22.0,Clear,Medium,No,No,High
2740,2024-04-24 03:00:00,Tourist Area,Bicycle,5.72,13.2,29.0,Hot,Low,No,No,High
2741,2024-04-24 04:00:00,Commercial,Bicycle,7.47,8.8,24.6,Rainy,Low,Yes,No,Low
2742,2024-04-24 05:00:00,IT Hub,E-Scooter,2.49,46.4,16.9,Clear,Medium,Yes,No,High
2743,2024-04-24 06:00:00,Residential,Bicycle,2.03,55.4,29.7,Clear,Low,Yes,No,Low
2744,2024-04-24 07:00:00,IT Hub,Bicycle,9.05,42.3,26.1,Hot,Low,No,No,Low
2745,2024-04-24 08:00:00,Residential,Bicycle,5.33,59.5,19.7,Foggy,Medium,Yes,No,Low
2746,2024-04-24 09:00:00,University Zone,Bicycle,1.43,46.1,11.7,Clear,Low,Yes,No,Medium
2747,2024-04-24 10:00:00,University Zone,Bicycle,6.7,24.2,27.7,Clear,Low,Yes,No,Medium
2748,2024-04-24 11:00:00,Residential,Bicycle,8.14,17.2,13.1,Foggy,High,Yes,No,Low
2749,2024-04-24 12:00:00,University Zone,E-Bike,8.89,12.0,13.0,Foggy,Medium,Yes,No,Medium
2750,2024-04-24 13:00:00,IT Hub,Bicycle,1.78,44.3,18.0,Foggy,High,No,Yes,Low
2751,2024-04-24 14:00:00,IT Hub,E-Bike,8.94,37.8,12.7,Rainy,High,No,No,Low
2752,2024-04-24 15:00:00,University Zone,Bicycle,5.7,32.4,18.3,Foggy,Low,Yes,No,High
2753,2024-04-24 16:00:00,Commercial,E-Bike,1.55,33.9,9.9,Rainy,Medium,Yes,No,Low
2754,2024-04-24 17:00:00,Commercial,E-Scooter,5.1,36.3,28.2,Rainy,Low,No,No,High
2755,2024-04-24 18:00:00,IT Hub,Bicycle,3.55,43.8,15.9,Foggy,Medium,No,No,High
2756,2024-04-24 19:00:00,Residential,E-Bike,6.02,49.7,8.3,Rainy,High,Yes,Yes,Low
2757,2024-04-24 20:00:00,Commercial,E-Scooter,6.16,15.7,27.8,Rainy,Medium,Yes,No,Low
2758,2024-04-24 21:00:00,IT Hub,Bicycle,4.06,44.8,25.4,Clear,Low,Yes,No,Low
2759,2024-04-24 22:00:00,University Zone,E-Scooter,9.53,48.0,22.2,Clear,High,No,No,High
2760,2024-04-24 23:00:00,University Zone,E-Scooter,9.89,5.5,12.3,Hot,Low,No,No,Low
2761,2024-04-25 00:00:00,Residential,Bicycle,6.15,40.0,16.1,Clear,Low,Yes,Yes,High
2762,2024-04-25 01:00:00,Tourist Area,E-Scooter,2.1,7.4,27.0,Hot,Low,No,No,Medium
2763,2024-04-25 02:00:00,IT Hub,E-Scooter,6.51,28.5,28.1,Hot,Low,Yes,No,Low
2764,2024-04-25 03:00:00,University Zone,Bicycle,7.25,23.3,21.4,Clear,Low,No,No,Medium
2765,2024-04-25 04:00:00,Tourist Area,E-Scooter,9.99,26.0,14.8,Hot,High,Yes,No,Medium
2766,2024-04-25 05:00:00,IT Hub,Bicycle,8.63,45.6,29.1,Foggy,High,Yes,No,High
2767,2024-04-25 06:00:00,Residential,Bicycle,0.65,44.9,19.4,Foggy,Medium,No,No,Medium
2768,2024-04-25 07:00:00,Commercial,E-Scooter,7.84,8.0,19.3,Hot,Medium,Yes,Yes,Low
2769,2024-04-25 08:00:00,Tourist Area,Bicycle,6.96,24.4,28.3,Hot,Medium,Yes,No,Low
2770,2024-04-25 09:00:00,Tourist Area,E-Scooter,6.91,27.7,17.9,Hot,Low,Yes,No,Low
2771,2024-04-25 10:00:00,Tourist Area,Bicycle,2.13,34.2,8.4,Rainy,High,No,No,Low
2772,2024-04-25 11:00:00,Commercial,Bicycle,1.46,25.3,21.4,Clear,Medium,Yes,No,Low
2773,2024-04-25 12:00:00,Commercial,E-Bike,8.92,45.9,20.8,Hot,High,No,No,Medium
2774,2024-04-25 13:00:00,Commercial,Bicycle,8.6,29.0,23.3,Hot,Low,Yes,No,Medium
2775,2024-04-25 14:00:00,University Zone,E-Scooter,6.64,46.2,8.2,Foggy,High,No,No,Medium
2776,2024-04-25 15:00:00,Residential,Bicycle,8.18,42.9,10.3,Hot,Medium,Yes,Yes,Low
2777,2024-04-25 16:00:00,University Zone,Bicycle,7.5,16.2,20.0,Clear,Medium,Yes,No,Medium
2778,2024-04-25 17:00:00,Commercial,E-Bike,1.83,42.8,8.5,Hot,High,Yes,No,Medium
2779,2024-04-25 18:00:00,IT Hub,E-Bike,4.04,58.4,16.6,Clear,Medium,Yes,No,High
2780,2024-04-25 19:00:00,Residential,Bicycle,2.96,35.3,22.8,Rainy,High,No,No,High
2781,2024-04-25 20:00:00,University Zone,E-Bike,1.46,20.9,10.7,Foggy,Medium,Yes,No,Medium
2782,2024-04-25 21:00:00,Tourist Area,E-Bike,2.82,59.8,16.9,Rainy,High,Yes,No,Medium
2783,2024-04-25 22:00:00,Residential,Bicycle,1.35,45.2,19.2,Hot,High,Yes,No,Low
2784,2024-04-25 23:00:00,Residential,E-Scooter,5.0,42.9,9.7,Rainy,High,No,No,Low
2785,2024-04-26 00:00:00,Residential,E-Bike,1.03,24.2,26.5,Hot,Low,Yes,No,Medium
2786,2024-04-26 01:00:00,University Zone,E-Bike,7.88,40.6,27.9,Foggy,Medium,Yes,No,High
2787,2024-04-26 02:00:00,Tourist Area,E-Bike,9.1,52.5,20.0,Rainy,High,Yes,No,Low
2788,2024-04-26 03:00:00,Tourist Area,Bicycle,0.6,17.5,10.9,Hot,Medium,Yes,No,High
2789,2024-04-26 04:00:00,University Zone,E-Bike,8.88,35.1,23.5,Foggy,High,Yes,No,Low
2790,2024-04-26 05:00:00,Residential,E-Scooter,4.04,26.7,14.9,Hot,High,Yes,No,Medium
2791,2024-04-26 06:00:00,Tourist Area,E-Bike,5.59,35.9,18.0,Hot,Low,No,No,High
2792,2024-04-26 07:00:00,University Zone,E-Bike,4.22,58.5,20.1,Foggy,High,Yes,No,High
2793,2024-04-26 08:00:00,Tourist Area,Bicycle,7.14,36.7,12.3,Clear,Low,No,No,Low
2794,2024-04-26 09:00:00,Residential,E-Scooter,5.37,57.4,18.5,Hot,Low,No,No,Low
2795,2024-04-26 10:00:00,University Zone,E-Bike,7.07,36.5,23.0,Hot,Low,Yes,No,High
2796,2024-04-26 11:00:00,University Zone,E-Bike,1.55,47.3,22.8,Hot,High,Yes,Yes,Low
2797,2024-04-26 12:00:00,University Zone,Bicycle,5.0,18.5,24.0,Clear,Low,Yes,No,Medium
2798,2024-04-26 13:00:00,IT Hub,E-Scooter,6.96,59.8,28.1,Hot,High,No,No,Low
2799,2024-04-26 14:00:00,Tourist Area,Bicycle,2.68,21.9,27.9,Clear,Low,Yes,No,Low
2800,2024-04-26 15:00:00,Tourist Area,Bicycle,2.74,43.4,10.8,Clear,Low,Yes,No,Low
